Workbook

Sheet Campaign Settings
A1: Campaign Settings:
A3: Location Targeting | B3: Sandton, Gauteng, South Africa
A4: Location Exclusions | B4: N/a
A10: Campaign Level Negatives - | B10: See Keywords
A12: Call Extensions
A13: Location Extensions
A15: Scheduling | B15: 24/7
A17: Budget | B17: =5*25 -> 125

Sheet Ad Groups
B2: Campaign | C2: Ad Groups | F2: Total Ad Groups | G2: =COUNTA(C3:C1048576) -> 6
B3: Campaign 1 | C3: Emergency Plumbing
C4: Residential Plumbing
C5: Commercial Plumbing
C6: Leak Detection
C7: Drain Cleaning
C8: Geyser Replacement & Repairs

Sheet Keywords
B2: ='Ad Groups'!C3 -> Emergency Plumbing | C2: =IF('Ad Groups'!C4=0," ",'Ad Groups'!C4) -> Residential Plumbing | D2: =IF('Ad Groups'!C5=0," ",'Ad Groups'!C5) -> Commercial Plumbing | E2: =IF('Ad Groups'!C6=0," ",'Ad Groups'!C6) -> Leak Detection | F2: =IF('Ad Groups'!C7=0," ",'Ad Groups'!C7) -> Drain Cleaning | G2: =IF('Ad Groups'!C8=0," ",'Ad Groups'!C8) -> Geyser Replacement & Repairs | H2: =IF('Ad Groups'!C9=0," ",'Ad Groups'!C9) | I2: =IF('Ad Groups'!C10=0," ",'Ad Groups'!C10) | J2: =IF('Campaign Settings'!B1=0," ",'Campaign Settings'!B1) | K2: =IF('Campaign Settings'!B2=0," ",'Campaign Settings'!B2) | R2: =IF('Campaign Settings'!B9=0," ",'Campaign Settings'!B9) | S2: =IF('Campaign Settings'!B10=0," ",'Campaign Settings'!B10) -> See Keywords | T2: =IF('Ad Groups'!C21=0," ",'Ad Groups'!C21) | U2: =IF('Ad Groups'!C22=0," ",'Ad Groups'!C22) | V2: =IF('Ad Groups'!C23=0," ",'Ad Groups'!C23) | W2: =IF('Ad Groups'!C24=0," ",'Ad Groups'!C24) | X2: =IF('Ad Groups'!C25=0," ",'Ad Groups'!C25) | Y2: =IF('Ad Groups'!C26=0," ",'Ad Groups'!C26) | Z2: =IF('Ad Groups'!C27=0," ",'Ad Groups'!C27) | AA2: =IF('Ad Groups'!C28=0," ",'Ad Groups'!C28) | AB2: =IF('Ad Groups'!C29=0," ",'Ad Groups'!C29) | AC2: =IF('Ad Groups'!C30=0," ",'Ad Groups'!C30) | AD2: =IF('Ad Groups'!C31=0," ",'Ad Groups'!C31) | AE2: =IF('Ad Groups'!C32=0," ",'Ad Groups'!C32) | AF2: =IF('Ad Groups'!C33=0," ",'Ad Groups'!C33) | AG2: =IF('Ad Groups'!C34=0," ",'Ad Groups'!C34) | AH2: =IF('Ad Groups'!C35=0," ",'Ad Groups'!C35) | AI2: =IF('Ad Groups'!C36=0," ",'Ad Groups'!C36) | AJ2: =IF('Ad Groups'!C37=0," ",'Ad Groups'!C37) | AK2: =IF('Ad Groups'!C38=0," ",'Ad Groups'!C38) | AL2: =IF('Ad Groups'!C39=0," ",'Ad Groups'!C39) | AM2: =IF('Ad Groups'!C40=0," ",'Ad Groups'!C40) | AN2: =IF('Ad Groups'!C41=0," ",'Ad Groups'!C41) | AO2: =IF('Ad Groups'!C42=0," ",'Ad Groups'!C42) | AP2: =IF('Ad Groups'!C43=0," ",'Ad Groups'!C43) | AQ2: =IF('Ad Groups'!C44=0," ",'Ad Groups'!C44) | AR2: =IF('Ad Groups'!C45=0," ",'Ad Groups'!C45) | AS2: =IF('Ad Groups'!C46=0," ",'Ad Groups'!C46) | AT2: =IF('Ad Groups'!C47=0," ",'Ad Groups'!C47) | AU2: =IF('Ad Groups'!C48=0," ",'Ad Groups'!C48) | AV2: =IF('Ad Groups'!C49=0," ",'Ad Groups'!C49) | AW2: =IF('Ad Groups'!C50=0," ",'Ad Groups'!C50) | AX2: =IF('Ad Groups'!C51=0," ",'Ad Groups'!C51) | AY2: =IF('Ad Groups'!C52=0," ",'Ad Groups'!C52) | AZ2: =IF('Ad Groups'!C53=0," ",'Ad Groups'!C53) | BA2: =IF('Ad Groups'!C54=0," ",'Ad Groups'!C54) | BB2: =IF('Ad Groups'!C55=0," ",'Ad Groups'!C55) | BC2: =IF('Ad Groups'!C56=0," ",'Ad Groups'!C56) | BD2: =IF('Ad Groups'!C57=0," ",'Ad Groups'!C57) | BE2: =IF('Ad Groups'!C58=0," ",'Ad Groups'!C58) | BF2: =IF('Ad Groups'!C59=0," ",'Ad Groups'!C59) | BG2: =IF('Ad Groups'!C60=0," ",'Ad Groups'!C60)
B3: "Emergency Plumber Near Me" | C3: "Residential Plumbers" | D3: "Commercial Plumbing Contractors" | E3: "Water Leak Detection Service" | F3: "Blocked Drain Plumber" | G3: "Geyser Repair Johannesburg"
B4: "24 Hour Plumber Johannesburg" | C4: "Local Plumber For Home" | D4: "Office Building Plumber" | E4: "Find Hidden Water Leak" | F4: "Drain Cleaning Services" | G4: "Burst Geyser Replacement"
B5: "Emergency Plumbing Services" | C5: "Household Plumbing Repairs" | D5: "Commercial Maintenance Plumbing" | E5: "Leak Detection Company" | F5: "Unblock Sewer Line" | G5: "Solar Geyser Installers"
B6: "Burst Pipe Emergency Plumber" | C6: "Toilet Repair Plumber" | D6: "Industrial Plumbing Services" | E6: "Underground Leak Detection" | F6: "Clogged Drain Repair" | G6: "No Hot Water Plumber"
B7: [Emergency Plumber Near Me] | C7: [Residential Plumbers] | D7: [Commercial Plumbing Contractors] | E7: [Water Leak Detection Service] | F7: [Blocked Drain Plumber] | G7: [Geyser Repair Johannesburg]
B8: [24 Hour Plumber Johannesburg] | C8: [Local Plumber For Home] | D8: [Office Building Plumber] | E8: [Find Hidden Water Leak] | F8: [Drain Cleaning Services] | G8: [Burst Geyser Replacement]
B9: [Emergency Plumbing Services] | C9: [Household Plumbing Repairs] | D9: [Commercial Maintenance Plumbing] | E9: [Leak Detection Company] | F9: [Unblock Sewer Line] | G9: [Solar Geyser Installers]
B10: [Burst Pipe Emergency Plumber] | C10: [Toilet Repair Plumber] | D10: [Industrial Plumbing Services] | E10: [Underground Leak Detection] | F10: [Clogged Drain Repair] | G10: [No Hot Water Plumber]

Sheet Negative Keywords
B2: Campaign Negative | C2: =Keywords!B2 -> Emergency Plumbing | D2: =Keywords!C2 -> Residential Plumbing | E2: =Keywords!D2 -> Commercial Plumbing | F2: =Keywords!E2 -> Leak Detection | G2: =Keywords!F2 -> Drain Cleaning | H2: =Keywords!G2 -> Geyser Replacement & Repairs | I2: =IF('Ad Groups'!C9=0," ",'Ad Groups'!C9) | J2: =IF('Ad Groups'!C10=0," ",'Ad Groups'!C10) | K2: =IF('Campaign Settings'!B1=0," ",'Campaign Settings'!B1) | L2: =IF('Campaign Settings'!B2=0," ",'Campaign Settings'!B2) | S2: =IF('Campaign Settings'!B9=0," ",'Campaign Settings'!B9) | T2: =IF('Campaign Settings'!B10=0," ",'Campaign Settings'!B10) -> See Keywords | U2: =IF('Ad Groups'!C21=0," ",'Ad Groups'!C21) | V2: =IF('Ad Groups'!C22=0," ",'Ad Groups'!C22) | W2: =IF('Ad Groups'!C23=0," ",'Ad Groups'!C23) | X2: =IF('Ad Groups'!C24=0," ",'Ad Groups'!C24) | Y2: =IF('Ad Groups'!C25=0," ",'Ad Groups'!C25) | Z2: =IF('Ad Groups'!C26=0," ",'Ad Groups'!C26) | AA2: =IF('Ad Groups'!C27=0," ",'Ad Groups'!C27) | AB2: =IF('Ad Groups'!C28=0," ",'Ad Groups'!C28) | AC2: =IF('Ad Groups'!C29=0," ",'Ad Groups'!C29) | AD2: =IF('Ad Groups'!C30=0," ",'Ad Groups'!C30) | AE2: =IF('Ad Groups'!C31=0," ",'Ad Groups'!C31) | AF2: =IF('Ad Groups'!C32=0," ",'Ad Groups'!C32) | AG2: =IF('Ad Groups'!C33=0," ",'Ad Groups'!C33) | AH2: =IF('Ad Groups'!C34=0," ",'Ad Groups'!C34) | AI2: =IF('Ad Groups'!C35=0," ",'Ad Groups'!C35) | AJ2: =IF('Ad Groups'!C36=0," ",'Ad Groups'!C36) | AK2: =IF('Ad Groups'!C37=0," ",'Ad Groups'!C37) | AL2: =IF('Ad Groups'!C38=0," ",'Ad Groups'!C38) | AM2: =IF('Ad Groups'!C39=0," ",'Ad Groups'!C39) | AN2: =IF('Ad Groups'!C40=0," ",'Ad Groups'!C40) | AO2: =IF('Ad Groups'!C41=0," ",'Ad Groups'!C41) | AP2: =IF('Ad Groups'!C42=0," ",'Ad Groups'!C42) | AQ2: =IF('Ad Groups'!C43=0," ",'Ad Groups'!C43) | AR2: =IF('Ad Groups'!C44=0," ",'Ad Groups'!C44) | AS2: =IF('Ad Groups'!C45=0," ",'Ad Groups'!C45) | AT2: =IF('Ad Groups'!C46=0," ",'Ad Groups'!C46) | AU2: =IF('Ad Groups'!C47=0," ",'Ad Groups'!C47) | AV2: =IF('Ad Groups'!C48=0," ",'Ad Groups'!C48) | AW2: =IF('Ad Groups'!C49=0," ",'Ad Groups'!C49) | AX2: =IF('Ad Groups'!C50=0," ",'Ad Groups'!C50) | AY2: =IF('Ad Groups'!C51=0," ",'Ad Groups'!C51) | AZ2: =IF('Ad Groups'!C52=0," ",'Ad Groups'!C52) | BA2: =IF('Ad Groups'!C53=0," ",'Ad Groups'!C53) | BB2: =IF('Ad Groups'!C54=0," ",'Ad Groups'!C54) | BC2: =IF('Ad Groups'!C55=0," ",'Ad Groups'!C55) | BD2: =IF('Ad Groups'!C56=0," ",'Ad Groups'!C56) | BE2: =IF('Ad Groups'!C57=0," ",'Ad Groups'!C57) | BF2: =IF('Ad Groups'!C58=0," ",'Ad Groups'!C58) | BG2: =IF('Ad Groups'!C59=0," ",'Ad Groups'!C59) | BH2: =IF('Ad Groups'!C60=0," ",'Ad Groups'!C60)
C3: "Residential Plumbers" | D3: "Emergency Plumber Near Me" | E3: "Emergency Plumber Near Me" | F3: "Emergency Plumber Near Me" | G3: "Emergency Plumber Near Me" | H3: "Emergency Plumber Near Me"
B4: advice | C4: "Local Plumber For Home" | D4: "24 Hour Plumber Johannesburg" | E4: "24 Hour Plumber Johannesburg" | F4: "24 Hour Plumber Johannesburg" | G4: "24 Hour Plumber Johannesburg" | H4: "24 Hour Plumber Johannesburg"
B5: blog | C5: "Household Plumbing Repairs" | D5: "Emergency Plumbing Services" | E5: "Emergency Plumbing Services" | F5: "Emergency Plumbing Services" | G5: "Emergency Plumbing Services" | H5: "Emergency Plumbing Services"
B6: careers | C6: "Toilet Repair Plumber" | D6: "Burst Pipe Emergency Plumber" | E6: "Burst Pipe Emergency Plumber" | F6: "Burst Pipe Emergency Plumber" | G6: "Burst Pipe Emergency Plumber" | H6: "Burst Pipe Emergency Plumber"
B7: degree | C7: [Residential Plumbers] | D7: [Emergency Plumber Near Me] | E7: [Emergency Plumber Near Me] | F7: [Emergency Plumber Near Me] | G7: [Emergency Plumber Near Me] | H7: [Emergency Plumber Near Me]
B8: free | C8: [Local Plumber For Home] | D8: [24 Hour Plumber Johannesburg] | E8: [24 Hour Plumber Johannesburg] | F8: [24 Hour Plumber Johannesburg] | G8: [24 Hour Plumber Johannesburg] | H8: [24 Hour Plumber Johannesburg]
B9: how to | C9: [Household Plumbing Repairs] | D9: [Emergency Plumbing Services] | E9: [Emergency Plumbing Services] | F9: [Emergency Plumbing Services] | G9: [Emergency Plumbing Services] | H9: [Emergency Plumbing Services]
B10: ideas | C10: [Toilet Repair Plumber] | D10: [Burst Pipe Emergency Plumber] | E10: [Burst Pipe Emergency Plumber] | F10: [Burst Pipe Emergency Plumber] | G10: [Burst Pipe Emergency Plumber] | H10: [Burst Pipe Emergency Plumber]
B11: jobs | C11: "Commercial Plumbing Contractors" | D11: "Commercial Plumbing Contractors" | E11: "Residential Plumbers" | F11: "Residential Plumbers" | G11: "Residential Plumbers" | H11: "Residential Plumbers"
B12: login | C12: "Office Building Plumber" | D12: "Office Building Plumber" | E12: "Local Plumber For Home" | F12: "Local Plumber For Home" | G12: "Local Plumber For Home" | H12: "Local Plumber For Home"
B13: news | C13: "Commercial Maintenance Plumbing" | D13: "Commercial Maintenance Plumbing" | E13: "Household Plumbing Repairs" | F13: "Household Plumbing Repairs" | G13: "Household Plumbing Repairs" | H13: "Household Plumbing Repairs"
B14: pay | C14: "Industrial Plumbing Services" | D14: "Industrial Plumbing Services" | E14: "Toilet Repair Plumber" | F14: "Toilet Repair Plumber" | G14: "Toilet Repair Plumber" | H14: "Toilet Repair Plumber"
B15: plan | C15: [Commercial Plumbing Contractors] | D15: [Commercial Plumbing Contractors] | E15: [Residential Plumbers] | F15: [Residential Plumbers] | G15: [Residential Plumbers] | H15: [Residential Plumbers]
... B31: help | C31: [Blocked Drain Plumber] | D31: [Blocked Drain Plumber] | E31: [Blocked Drain Plumber] | F31: [Blocked Drain Plumber] | G31: [Water Leak Detection Service] | H31: [Water Leak Detection Service]
C32: [Drain Cleaning Services] | D32: [Drain Cleaning Services] | E32: [Drain Cleaning Services] | F32: [Drain Cleaning Services] | G32: [Find Hidden Water Leak] | H32: [Find Hidden Water Leak]
C33: [Unblock Sewer Line] | D33: [Unblock Sewer Line] | E33: [Unblock Sewer Line] | F33: [Unblock Sewer Line] | G33: [Leak Detection Company] | H33: [Leak Detection Company]
C34: [Clogged Drain Repair] | D34: [Clogged Drain Repair] | E34: [Clogged Drain Repair] | F34: [Clogged Drain Repair] | G34: [Underground Leak Detection] | H34: [Underground Leak Detection]
C35: "Geyser Repair Johannesburg" | D35: "Geyser Repair Johannesburg" | E35: "Geyser Repair Johannesburg" | F35: "Geyser Repair Johannesburg" | G35: "Geyser Repair Johannesburg" | H35: "Blocked Drain Plumber"
C36: "Burst Geyser Replacement" | D36: "Burst Geyser Replacement" | E36: "Burst Geyser Replacement" | F36: "Burst Geyser Replacement" | G36: "Burst Geyser Replacement" | H36: "Drain Cleaning Services"
C37: "Solar Geyser Installers" | D37: "Solar Geyser Installers" | E37: "Solar Geyser Installers" | F37: "Solar Geyser Installers" | G37: "Solar Geyser Installers" | H37: "Unblock Sewer Line"
C38: "No Hot Water Plumber" | D38: "No Hot Water Plumber" | E38: "No Hot Water Plumber" | F38: "No Hot Water Plumber" | G38: "No Hot Water Plumber" | H38: "Clogged Drain Repair"
C39: [Geyser Repair Johannesburg] | D39: [Geyser Repair Johannesburg] | E39: [Geyser Repair Johannesburg] | F39: [Geyser Repair Johannesburg] | G39: [Geyser Repair Johannesburg] | H39: [Blocked Drain Plumber]
C40: [Burst Geyser Replacement] | D40: [Burst Geyser Replacement] | E40: [Burst Geyser Replacement] | F40: [Burst Geyser Replacement] | G40: [Burst Geyser Replacement] | H40: [Drain Cleaning Services]
C41: [Solar Geyser Installers] | D41: [Solar Geyser Installers] | E41: [Solar Geyser Installers] | F41: [Solar Geyser Installers] | G41: [Solar Geyser Installers] | H41: [Unblock Sewer Line]
C42: [No Hot Water Plumber] | D42: [No Hot Water Plumber] | E42: [No Hot Water Plumber] | F42: [No Hot Water Plumber] | G42: [No Hot Water Plumber] | H42: [Clogged Drain Repair]

Sheet Responsive Ads
C2: ='Ad Groups'!C3 -> Emergency Plumbing | E2: =IF('Ad Groups'!C4=0," ",'Ad Groups'!C4) -> Residential Plumbing | G2: =IF('Ad Groups'!C5=0," ",'Ad Groups'!C5) -> Commercial Plumbing | I2: =IF('Ad Groups'!C6=0," ",'Ad Groups'!C6) -> Leak Detection | K2: =IF('Ad Groups'!C7=0," ",'Ad Groups'!C7) -> Drain Cleaning | M2: =IF('Ad Groups'!C8=0," ",'Ad Groups'!C8) -> Geyser Replacement & Repairs | O2: =IF('Ad Groups'!C9=0," ",'Ad Groups'!C9) | Q2: =IF('Ad Groups'!C10=0," ",'Ad Groups'!C10) | S2: =IF('Campaign Settings'!B1=0," ",'Campaign Settings'!B1) | U2: =IF('Campaign Settings'!B2=0," ",'Campaign Settings'!B2) | W2: =IF('Campaign Settings'!B3=0," ",'Campaign Settings'!B3) -> Sandton, Gauteng, South Africa | Y2: =IF('Campaign Settings'!B4=0," ",'Campaign Settings'!B4) -> N/a | AA2: =IF('Campaign Settings'!B5=0," ",'Campaign Settings'!B5) | AC2: =IF('Campaign Settings'!B6=0," ",'Campaign Settings'!B6) | AE2: =IF('Campaign Settings'!B7=0," ",'Campaign Settings'!B7) | AG2: =IF('Campaign Settings'!B8=0," ",'Campaign Settings'!B8) | AI2: =IF('Campaign Settings'!B9=0," ",'Campaign Settings'!B9) | AK2: =IF('Campaign Settings'!B10=0," ",'Campaign Settings'!B10) -> See Keywords | AM2: =IF('Ad Groups'!C21=0," ",'Ad Groups'!C21) | AO2: =IF('Ad Groups'!C22=0," ",'Ad Groups'!C22) | AQ2: =IF('Ad Groups'!C23=0," ",'Ad Groups'!C23) | AS2: =IF('Ad Groups'!C24=0," ",'Ad Groups'!C24) | AU2: =IF('Ad Groups'!C25=0," ",'Ad Groups'!C25) | AW2: =IF('Ad Groups'!C26=0," ",'Ad Groups'!C26) | AY2: =IF('Ad Groups'!C27=0," ",'Ad Groups'!C27) | BA2: =IF('Ad Groups'!C28=0," ",'Ad Groups'!C28) | BC2: =IF('Ad Groups'!C29=0," ",'Ad Groups'!C29) | BE2: =IF('Ad Groups'!C30=0," ",'Ad Groups'!C30) | BG2: =IF('Ad Groups'!C31=0," ",'Ad Groups'!C31) | BI2: =IF('Ad Groups'!C32=0," ",'Ad Groups'!C32) | BK2: =IF('Ad Groups'!C33=0," ",'Ad Groups'!C33) | BM2: =IF('Ad Groups'!C34=0," ",'Ad Groups'!C34) | BO2: =IF('Ad Groups'!C35=0," ",'Ad Groups'!C35) | BQ2: =IF('Ad Groups'!C36=0," ",'Ad Groups'!C36) | BS2: =IF('Ad Groups'!C37=0," ",'Ad Groups'!C37) | BU2: =IF('Ad Groups'!C38=0," ",'Ad Groups'!C38) | BW2: =IF('Ad Groups'!C39=0," ",'Ad Groups'!C39) | BY2: =IF('Ad Groups'!C40=0," ",'Ad Groups'!C40) | CA2: =IF('Ad Groups'!C41=0," ",'Ad Groups'!C41) | CC2: =IF('Ad Groups'!C42=0," ",'Ad Groups'!C42) | CE2: =IF('Ad Groups'!C43=0," ",'Ad Groups'!C43) | CG2: =IF('Ad Groups'!C44=0," ",'Ad Groups'!C44) | CI2: =IF('Ad Groups'!C45=0," ",'Ad Groups'!C45) | CK2: =IF('Ad Groups'!C46=0," ",'Ad Groups'!C46) | CM2: =IF('Ad Groups'!C47=0," ",'Ad Groups'!C47) | CO2: =IF('Ad Groups'!C48=0," ",'Ad Groups'!C48) | CQ2: =IF('Ad Groups'!C49=0," ",'Ad Groups'!C49) | CS2: =IF('Ad Groups'!C50=0," ",'Ad Groups'!C50) | CU2: =IF('Ad Groups'!C51=0," ",'Ad Groups'!C51) | CW2: =IF('Ad Groups'!C52=0," ",'Ad Groups'!C52) | CY2: =IF('Ad Groups'!C53=0," ",'Ad Groups'!C53) | DA2: =IF('Ad Groups'!C54=0," ",'Ad Groups'!C54) | DC2: =IF('Ad Groups'!C55=0," ",'Ad Groups'!C55) | DE2: =IF('Ad Groups'!C56=0," ",'Ad Groups'!C56) | DG2: =IF('Ad Groups'!C57=0," ",'Ad Groups'!C57) | DI2: =IF('Ad Groups'!C58=0," ",'Ad Groups'!C58) | DK2: =IF('Ad Groups'!C59=0," ",'Ad Groups'!C59) | DM2: =IF('Ad Groups'!C60=0," ",'Ad Groups'!C60)
A3: Headline 1 (30) | B3: =IF(LEN(C3)=0,"",LEN(C3)) -> 25 | C3: Emergency Plumber Near Me | D3: =IF(LEN(E3)=0,"",LEN(E3)) -> 26 | E3: Local Residential Plumbers | F3: =IF(LEN(G3)=0,"",LEN(G3)) -> 19 | G3: Commercial Plumbers | H3: =IF(LEN(I3)=0,"",LEN(I3)) -> 20 | I3: Water Leak Detection | J3: =IF(LEN(K3)=0,"",LEN(K3)) -> 21 | K3: Blocked Drain Plumber | L3: =IF(LEN(M3)=0,"",LEN(M3)) -> 27 | M3: Geyser Repairs Johannesburg | N3: =IF(LEN(O3)=0,"",LEN(O3)) | P3: =IF(LEN(Q3)=0,"",LEN(Q3)) | R3: =IF(LEN(S3)=0,"",LEN(S3)) | T3: =IF(LEN(U3)=0,"",LEN(U3)) | V3: =IF(LEN(W3)=0,"",LEN(W3)) | X3: =IF(LEN(Y3)=0,"",LEN(Y3)) | Z3: =IF(LEN(AA3)=0,"",LEN(AA3)) | AB3: =IF(LEN(AC3)=0,"",LEN(AC3)) | AD3: =IF(LEN(AE3)=0,"",LEN(AE3)) | AF3: =IF(LEN(AG3)=0,"",LEN(AG3)) | AH3: =IF(LEN(AI3)=0,"",LEN(AI3)) | AJ3: =IF(LEN(AK3)=0,"",LEN(AK3)) | AL3: =IF(LEN(AM3)=0,"",LEN(AM3)) | AN3: =IF(LEN(AO3)=0,"",LEN(AO3)) | AP3: =IF(LEN(AQ3)=0,"",LEN(AQ3)) | AR3: =IF(LEN(AS3)=0,"",LEN(AS3)) | AT3: =IF(LEN(AU3)=0,"",LEN(AU3)) | AV3: =IF(LEN(AW3)=0,"",LEN(AW3)) | AX3: =IF(LEN(AY3)=0,"",LEN(AY3)) | AZ3: =IF(LEN(BA3)=0,"",LEN(BA3)) | BB3: =IF(LEN(BC3)=0,"",LEN(BC3)) | BD3: =IF(LEN(BE3)=0,"",LEN(BE3)) | BF3: =IF(LEN(BG3)=0,"",LEN(BG3)) | BH3: =IF(LEN(BI3)=0,"",LEN(BI3)) | BJ3: =IF(LEN(BK3)=0,"",LEN(BK3)) | BL3: =IF(LEN(BM3)=0,"",LEN(BM3)) | BN3: =IF(LEN(BO3)=0,"",LEN(BO3)) | BP3: =IF(LEN(BQ3)=0,"",LEN(BQ3)) | BR3: =IF(LEN(BS3)=0,"",LEN(BS3)) | BT3: =IF(LEN(BU3)=0,"",LEN(BU3)) | BV3: =IF(LEN(BW3)=0,"",LEN(BW3)) | BX3: =IF(LEN(BY3)=0,"",LEN(BY3)) | BZ3: =IF(LEN(CA3)=0,"",LEN(CA3)) | CB3: =IF(LEN(CC3)=0,"",LEN(CC3)) | CD3: =IF(LEN(CE3)=0,"",LEN(CE3)) | CF3: =IF(LEN(CG3)=0,"",LEN(CG3)) | CH3: =IF(LEN(CI3)=0,"",LEN(CI3)) | CJ3: =IF(LEN(CK3)=0,"",LEN(CK3)) | CL3: =IF(LEN(CM3)=0,"",LEN(CM3)) | CN3: =IF(LEN(CO3)=0,"",LEN(CO3)) | CP3: =IF(LEN(CQ3)=0,"",LEN(CQ3)) | CR3: =IF(LEN(CS3)=0,"",LEN(CS3)) | CT3: =IF(LEN(CU3)=0,"",LEN(CU3)) | CV3: =IF(LEN(CW3)=0,"",LEN(CW3)) | CX3: =IF(LEN(CY3)=0,"",LEN(CY3)) | CZ3: =IF(LEN(DA3)=0,"",LEN(DA3)) | DB3: =IF(LEN(DC3)=0,"",LEN(DC3)) | DD3: =IF(LEN(DE3)=0,"",LEN(DE3)) | DF3: =IF(LEN(DG3)=0,"",LEN(DG3)) | DH3: =IF(LEN(DI3)=0,"",LEN(DI3)) | DJ3: =IF(LEN(DK3)=0,"",LEN(DK3)) | DL3: =IF(LEN(DM3)=0,"",LEN(DM3)) | DN3: =IF(LEN(DO3)=0,"",LEN(DO3)) | DP3: =IF(LEN(DQ3)=0,"",LEN(DQ3))
A4: Headline 2 (30) | B4: =IF(LEN(C4)=0,"",LEN(C4)) -> 23 | C4: 24/7 Emergency Plumbing | D4: =IF(LEN(E4)=0,"",LEN(E4)) -> 22 | E4: Home Plumbing Services | F4: =IF(LEN(G4)=0,"",LEN(G4)) -> 23 | G4: Plumbing For Businesses | H4: =IF(LEN(I4)=0,"",LEN(I4)) -> 23 | I4: Find Hidden Water Leaks | J4: =IF(LEN(K4)=0,"",LEN(K4)) -> 27 | K4: Professional Drain Cleaning | L4: =IF(LEN(M4)=0,"",LEN(M4)) -> 24 | M4: Burst Geyser Replacement | N4: =IF(LEN(O4)=0,"",LEN(O4)) | P4: =IF(LEN(Q4)=0,"",LEN(Q4)) | R4: =IF(LEN(S4)=0,"",LEN(S4)) | T4: =IF(LEN(U4)=0,"",LEN(U4)) | V4: =IF(LEN(W4)=0,"",LEN(W4)) | X4: =IF(LEN(Y4)=0,"",LEN(Y4)) | Z4: =IF(LEN(AA4)=0,"",LEN(AA4)) | AB4: =IF(LEN(AC4)=0,"",LEN(AC4)) | AD4: =IF(LEN(AE4)=0,"",LEN(AE4)) | AF4: =IF(LEN(AG4)=0,"",LEN(AG4)) | AH4: =IF(LEN(AI4)=0,"",LEN(AI4)) | AJ4: =IF(LEN(AK4)=0,"",LEN(AK4)) | AL4: =IF(LEN(AM4)=0,"",LEN(AM4)) | AN4: =IF(LEN(AO4)=0,"",LEN(AO4)) | AP4: =IF(LEN(AQ4)=0,"",LEN(AQ4)) | AR4: =IF(LEN(AS4)=0,"",LEN(AS4)) | AT4: =IF(LEN(AU4)=0,"",LEN(AU4)) | AV4: =IF(LEN(AW4)=0,"",LEN(AW4)) | AX4: =IF(LEN(AY4)=0,"",LEN(AY4)) | AZ4: =IF(LEN(BA4)=0,"",LEN(BA4)) | BB4: =IF(LEN(BC4)=0,"",LEN(BC4)) | BD4: =IF(LEN(BE4)=0,"",LEN(BE4)) | BF4: =IF(LEN(BG4)=0,"",LEN(BG4)) | BH4: =IF(LEN(BI4)=0,"",LEN(BI4)) | BJ4: =IF(LEN(BK4)=0,"",LEN(BK4)) | BL4: =IF(LEN(BM4)=0,"",LEN(BM4)) | BN4: =IF(LEN(BO4)=0,"",LEN(BO4)) | BP4: =IF(LEN(BQ4)=0,"",LEN(BQ4)) | BR4: =IF(LEN(BS4)=0,"",LEN(BS4)) | BT4: =IF(LEN(BU4)=0,"",LEN(BU4)) | BV4: =IF(LEN(BW4)=0,"",LEN(BW4)) | BX4: =IF(LEN(BY4)=0,"",LEN(BY4)) | BZ4: =IF(LEN(CA4)=0,"",LEN(CA4)) | CB4: =IF(LEN(CC4)=0,"",LEN(CC4)) | CD4: =IF(LEN(CE4)=0,"",LEN(CE4)) | CF4: =IF(LEN(CG4)=0,"",LEN(CG4)) | CH4: =IF(LEN(CI4)=0,"",LEN(CI4)) | CJ4: =IF(LEN(CK4)=0,"",LEN(CK4)) | CL4: =IF(LEN(CM4)=0,"",LEN(CM4)) | CN4: =IF(LEN(CO4)=0,"",LEN(CO4)) | CP4: =IF(LEN(CQ4)=0,"",LEN(CQ4)) | CR4: =IF(LEN(CS4)=0,"",LEN(CS4)) | CT4: =IF(LEN(CU4)=0,"",LEN(CU4)) | CV4: =IF(LEN(CW4)=0,"",LEN(CW4)) | CX4: =IF(LEN(CY4)=0,"",LEN(CY4)) | CZ4: =IF(LEN(DA4)=0,"",LEN(DA4)) | DB4: =IF(LEN(DC4)=0,"",LEN(DC4)) | DD4: =IF(LEN(DE4)=0,"",LEN(DE4)) | DF4: =IF(LEN(DG4)=0,"",LEN(DG4)) | DH4: =IF(LEN(DI4)=0,"",LEN(DI4)) | DJ4: =IF(LEN(DK4)=0,"",LEN(DK4)) | DL4: =IF(LEN(DM4)=0,"",LEN(DM4)) | DN4: =IF(LEN(DO4)=0,"",LEN(DO4)) | DP4: =IF(LEN(DQ4)=0,"",LEN(DQ4))
A5: Headline 3 (30) | B5: =IF(LEN(C5)=0,"",LEN(C5)) -> 21 | C5: Burst Pipe Repair Now | D5: =IF(LEN(E5)=0,"",LEN(E5)) -> 26 | E5: Expert Toilet & Tap Repair | F5: =IF(LEN(G5)=0,"",LEN(G5)) -> 23 | G5: Office Plumbing Repairs | H5: =IF(LEN(I5)=0,"",LEN(I5)) -> 25 | I5: High Water Bill Solutions | J5: =IF(LEN(K5)=0,"",LEN(K5)) -> 24 | K5: Unblock Sewer Lines Fast | L5: =IF(LEN(M5)=0,"",LEN(M5)) -> 22 | M5: No Hot Water Solutions | N5: =IF(LEN(O5)=0,"",LEN(O5)) | P5: =IF(LEN(Q5)=0,"",LEN(Q5)) | R5: =IF(LEN(S5)=0,"",LEN(S5)) | T5: =IF(LEN(U5)=0,"",LEN(U5)) | V5: =IF(LEN(W5)=0,"",LEN(W5)) | X5: =IF(LEN(Y5)=0,"",LEN(Y5)) | Z5: =IF(LEN(AA5)=0,"",LEN(AA5)) | AB5: =IF(LEN(AC5)=0,"",LEN(AC5)) | AD5: =IF(LEN(AE5)=0,"",LEN(AE5)) | AF5: =IF(LEN(AG5)=0,"",LEN(AG5)) | AH5: =IF(LEN(AI5)=0,"",LEN(AI5)) | AJ5: =IF(LEN(AK5)=0,"",LEN(AK5)) | AL5: =IF(LEN(AM5)=0,"",LEN(AM5)) | AN5: =IF(LEN(AO5)=0,"",LEN(AO5)) | AP5: =IF(LEN(AQ5)=0,"",LEN(AQ5)) | AR5: =IF(LEN(AS5)=0,"",LEN(AS5)) | AT5: =IF(LEN(AU5)=0,"",LEN(AU5)) | AV5: =IF(LEN(AW5)=0,"",LEN(AW5)) | AX5: =IF(LEN(AY5)=0,"",LEN(AY5)) | AZ5: =IF(LEN(BA5)=0,"",LEN(BA5)) | BB5: =IF(LEN(BC5)=0,"",LEN(BC5)) | BD5: =IF(LEN(BE5)=0,"",LEN(BE5)) | BF5: =IF(LEN(BG5)=0,"",LEN(BG5)) | BH5: =IF(LEN(BI5)=0,"",LEN(BI5)) | BJ5: =IF(LEN(BK5)=0,"",LEN(BK5)) | BL5: =IF(LEN(BM5)=0,"",LEN(BM5)) | BN5: =IF(LEN(BO5)=0,"",LEN(BO5)) | BP5: =IF(LEN(BQ5)=0,"",LEN(BQ5)) | BR5: =IF(LEN(BS5)=0,"",LEN(BS5)) | BT5: =IF(LEN(BU5)=0,"",LEN(BU5)) | BV5: =IF(LEN(BW5)=0,"",LEN(BW5)) | BX5: =IF(LEN(BY5)=0,"",LEN(BY5)) | BZ5: =IF(LEN(CA5)=0,"",LEN(CA5)) | CB5: =IF(LEN(CC5)=0,"",LEN(CC5)) | CD5: =IF(LEN(CE5)=0,"",LEN(CE5)) | CF5: =IF(LEN(CG5)=0,"",LEN(CG5)) | CH5: =IF(LEN(CI5)=0,"",LEN(CI5)) | CJ5: =IF(LEN(CK5)=0,"",LEN(CK5)) | CL5: =IF(LEN(CM5)=0,"",LEN(CM5)) | CN5: =IF(LEN(CO5)=0,"",LEN(CO5)) | CP5: =IF(LEN(CQ5)=0,"",LEN(CQ5)) | CR5: =IF(LEN(CS5)=0,"",LEN(CS5)) | CT5: =IF(LEN(CU5)=0,"",LEN(CU5)) | CV5: =IF(LEN(CW5)=0,"",LEN(CW5)) | CX5: =IF(LEN(CY5)=0,"",LEN(CY5)) | CZ5: =IF(LEN(DA5)=0,"",LEN(DA5)) | DB5: =IF(LEN(DC5)=0,"",LEN(DC5)) | DD5: =IF(LEN(DE5)=0,"",LEN(DE5)) | DF5: =IF(LEN(DG5)=0,"",LEN(DG5)) | DH5: =IF(LEN(DI5)=0,"",LEN(DI5)) | DJ5: =IF(LEN(DK5)=0,"",LEN(DK5)) | DL5: =IF(LEN(DM5)=0,"",LEN(DM5)) | DN5: =IF(LEN(DO5)=0,"",LEN(DO5)) | DP5: =IF(LEN(DQ5)=0,"",LEN(DQ5))
A6: Headline 4 (30) | B6: =IF(LEN(C6)=0,"",LEN(C6)) -> 19 | C6: Fast Local Plumbers | D6: =IF(LEN(E6)=0,"",LEN(E6)) -> 28 | E6: Affordable Household Plumber | F6: =IF(LEN(G6)=0,"",LEN(G6)) -> 22 | G6: Commercial Contractors | H6: =IF(LEN(I6)=0,"",LEN(I6)) -> 23 | I6: Advanced Leak Detection | J6: =IF(LEN(K6)=0,"",LEN(K6)) -> 21 | K6: Clogged Drain Repairs | L6: =IF(LEN(M6)=0,"",LEN(M6)) -> 26 | M6: Geyser Element Replacement | N6: =IF(LEN(O6)=0,"",LEN(O6)) | P6: =IF(LEN(Q6)=0,"",LEN(Q6)) | R6: =IF(LEN(S6)=0,"",LEN(S6)) | T6: =IF(LEN(U6)=0,"",LEN(U6)) | V6: =IF(LEN(W6)=0,"",LEN(W6)) | X6: =IF(LEN(Y6)=0,"",LEN(Y6)) | Z6: =IF(LEN(AA6)=0,"",LEN(AA6)) | AB6: =IF(LEN(AC6)=0,"",LEN(AC6)) | AD6: =IF(LEN(AE6)=0,"",LEN(AE6)) | AF6: =IF(LEN(AG6)=0,"",LEN(AG6)) | AH6: =IF(LEN(AI6)=0,"",LEN(AI6)) | AJ6: =IF(LEN(AK6)=0,"",LEN(AK6)) | AL6: =IF(LEN(AM6)=0,"",LEN(AM6)) | AN6: =IF(LEN(AO6)=0,"",LEN(AO6)) | AP6: =IF(LEN(AQ6)=0,"",LEN(AQ6)) | AR6: =IF(LEN(AS6)=0,"",LEN(AS6)) | AT6: =IF(LEN(AU6)=0,"",LEN(AU6)) | AV6: =IF(LEN(AW6)=0,"",LEN(AW6)) | AX6: =IF(LEN(AY6)=0,"",LEN(AY6)) | AZ6: =IF(LEN(BA6)=0,"",LEN(BA6)) | BB6: =IF(LEN(BC6)=0,"",LEN(BC6)) | BD6: =IF(LEN(BE6)=0,"",LEN(BE6)) | BF6: =IF(LEN(BG6)=0,"",LEN(BG6)) | BH6: =IF(LEN(BI6)=0,"",LEN(BI6)) | BJ6: =IF(LEN(BK6)=0,"",LEN(BK6)) | BL6: =IF(LEN(BM6)=0,"",LEN(BM6)) | BN6: =IF(LEN(BO6)=0,"",LEN(BO6)) | BP6: =IF(LEN(BQ6)=0,"",LEN(BQ6)) | BR6: =IF(LEN(BS6)=0,"",LEN(BS6)) | BT6: =IF(LEN(BU6)=0,"",LEN(BU6)) | BV6: =IF(LEN(BW6)=0,"",LEN(BW6)) | BX6: =IF(LEN(BY6)=0,"",LEN(BY6)) | BZ6: =IF(LEN(CA6)=0,"",LEN(CA6)) | CB6: =IF(LEN(CC6)=0,"",LEN(CC6)) | CD6: =IF(LEN(CE6)=0,"",LEN(CE6)) | CF6: =IF(LEN(CG6)=0,"",LEN(CG6)) | CH6: =IF(LEN(CI6)=0,"",LEN(CI6)) | CJ6: =IF(LEN(CK6)=0,"",LEN(CK6)) | CL6: =IF(LEN(CM6)=0,"",LEN(CM6)) | CN6: =IF(LEN(CO6)=0,"",LEN(CO6)) | CP6: =IF(LEN(CQ6)=0,"",LEN(CQ6)) | CR6: =IF(LEN(CS6)=0,"",LEN(CS6)) | CT6: =IF(LEN(CU6)=0,"",LEN(CU6)) | CV6: =IF(LEN(CW6)=0,"",LEN(CW6)) | CX6: =IF(LEN(CY6)=0,"",LEN(CY6)) | CZ6: =IF(LEN(DA6)=0,"",LEN(DA6)) | DB6: =IF(LEN(DC6)=0,"",LEN(DC6)) | DD6: =IF(LEN(DE6)=0,"",LEN(DE6)) | DF6: =IF(LEN(DG6)=0,"",LEN(DG6)) | DH6: =IF(LEN(DI6)=0,"",LEN(DI6)) | DJ6: =IF(LEN(DK6)=0,"",LEN(DK6)) | DL6: =IF(LEN(DM6)=0,"",LEN(DM6)) | DN6: =IF(LEN(DO6)=0,"",LEN(DO6)) | DP6: =IF(LEN(DQ6)=0,"",LEN(DQ6))
A7: Headline 5 (30) | B7: =IF(LEN(C7)=0,"",LEN(C7)) -> 24 | C7: Available 24 Hours A Day | D7: =IF(LEN(E7)=0,"",LEN(E7)) -> 20 | E7: Trusted Home Repairs | F7: =IF(LEN(G7)=0,"",LEN(G7)) -> 25 | G7: Property Maintenance Care | H7: =IF(LEN(I7)=0,"",LEN(I7)) -> 21 | I7: Stop Water Leaks Fast | J7: =IF(LEN(K7)=0,"",LEN(K7)) -> 24 | K7: Clear Blocked Drains Now | L7: =IF(LEN(M7)=0,"",LEN(M7)) -> 25 | M7: Solar Geyser Installation | N7: =IF(LEN(O7)=0,"",LEN(O7)) | P7: =IF(LEN(Q7)=0,"",LEN(Q7)) | R7: =IF(LEN(S7)=0,"",LEN(S7)) | T7: =IF(LEN(U7)=0,"",LEN(U7)) | V7: =IF(LEN(W7)=0,"",LEN(W7)) | X7: =IF(LEN(Y7)=0,"",LEN(Y7)) | Z7: =IF(LEN(AA7)=0,"",LEN(AA7)) | AB7: =IF(LEN(AC7)=0,"",LEN(AC7)) | AD7: =IF(LEN(AE7)=0,"",LEN(AE7)) | AF7: =IF(LEN(AG7)=0,"",LEN(AG7)) | AH7: =IF(LEN(AI7)=0,"",LEN(AI7)) | AJ7: =IF(LEN(AK7)=0,"",LEN(AK7)) | AL7: =IF(LEN(AM7)=0,"",LEN(AM7)) | AN7: =IF(LEN(AO7)=0,"",LEN(AO7)) | AP7: =IF(LEN(AQ7)=0,"",LEN(AQ7)) | AR7: =IF(LEN(AS7)=0,"",LEN(AS7)) | AT7: =IF(LEN(AU7)=0,"",LEN(AU7)) | AV7: =IF(LEN(AW7)=0,"",LEN(AW7)) | AX7: =IF(LEN(AY7)=0,"",LEN(AY7)) | AZ7: =IF(LEN(BA7)=0,"",LEN(BA7)) | BB7: =IF(LEN(BC7)=0,"",LEN(BC7)) | BD7: =IF(LEN(BE7)=0,"",LEN(BE7)) | BF7: =IF(LEN(BG7)=0,"",LEN(BG7)) | BH7: =IF(LEN(BI7)=0,"",LEN(BI7)) | BJ7: =IF(LEN(BK7)=0,"",LEN(BK7)) | BL7: =IF(LEN(BM7)=0,"",LEN(BM7)) | BN7: =IF(LEN(BO7)=0,"",LEN(BO7)) | BP7: =IF(LEN(BQ7)=0,"",LEN(BQ7)) | BR7: =IF(LEN(BS7)=0,"",LEN(BS7)) | BT7: =IF(LEN(BU7)=0,"",LEN(BU7)) | BV7: =IF(LEN(BW7)=0,"",LEN(BW7)) | BX7: =IF(LEN(BY7)=0,"",LEN(BY7)) | BZ7: =IF(LEN(CA7)=0,"",LEN(CA7)) | CB7: =IF(LEN(CC7)=0,"",LEN(CC7)) | CD7: =IF(LEN(CE7)=0,"",LEN(CE7)) | CF7: =IF(LEN(CG7)=0,"",LEN(CG7)) | CH7: =IF(LEN(CI7)=0,"",LEN(CI7)) | CJ7: =IF(LEN(CK7)=0,"",LEN(CK7)) | CL7: =IF(LEN(CM7)=0,"",LEN(CM7)) | CN7: =IF(LEN(CO7)=0,"",LEN(CO7)) | CP7: =IF(LEN(CQ7)=0,"",LEN(CQ7)) | CR7: =IF(LEN(CS7)=0,"",LEN(CS7)) | CT7: =IF(LEN(CU7)=0,"",LEN(CU7)) | CV7: =IF(LEN(CW7)=0,"",LEN(CW7)) | CX7: =IF(LEN(CY7)=0,"",LEN(CY7)) | CZ7: =IF(LEN(DA7)=0,"",LEN(DA7)) | DB7: =IF(LEN(DC7)=0,"",LEN(DC7)) | DD7: =IF(LEN(DE7)=0,"",LEN(DE7)) | DF7: =IF(LEN(DG7)=0,"",LEN(DG7)) | DH7: =IF(LEN(DI7)=0,"",LEN(DI7)) | DJ7: =IF(LEN(DK7)=0,"",LEN(DK7)) | DL7: =IF(LEN(DM7)=0,"",LEN(DM7)) | DN7: =IF(LEN(DO7)=0,"",LEN(DO7)) | DP7: =IF(LEN(DQ7)=0,"",LEN(DQ7))
A8: Headline 6 (30) | B8: =IF(LEN(C8)=0,"",LEN(C8)) -> 22 | C8: Rapid On-Site Response | D8: =IF(LEN(E8)=0,"",LEN(E8)) -> 24 | E8: Fix Leaky Taps & Toilets | F8: =IF(LEN(G8)=0,"",LEN(G8)) -> 27 | G8: Industrial Plumbing Experts | H8: =IF(LEN(I8)=0,"",LEN(I8)) -> 22 | I8: Accurate Leak Locating | J8: =IF(LEN(K8)=0,"",LEN(K8)) -> 27 | K8: High-Pressure Drain Jetting | L8: =IF(LEN(M8)=0,"",LEN(M8)) -> 25 | M8: Expert Geyser Technicians | N8: =IF(LEN(O8)=0,"",LEN(O8)) | P8: =IF(LEN(Q8)=0,"",LEN(Q8)) | R8: =IF(LEN(S8)=0,"",LEN(S8)) | T8: =IF(LEN(U8)=0,"",LEN(U8)) | V8: =IF(LEN(W8)=0,"",LEN(W8)) | X8: =IF(LEN(Y8)=0,"",LEN(Y8)) | Z8: =IF(LEN(AA8)=0,"",LEN(AA8)) | AB8: =IF(LEN(AC8)=0,"",LEN(AC8)) | AD8: =IF(LEN(AE8)=0,"",LEN(AE8)) | AF8: =IF(LEN(AG8)=0,"",LEN(AG8)) | AH8: =IF(LEN(AI8)=0,"",LEN(AI8)) | AJ8: =IF(LEN(AK8)=0,"",LEN(AK8)) | AL8: =IF(LEN(AM8)=0,"",LEN(AM8)) | AN8: =IF(LEN(AO8)=0,"",LEN(AO8)) | AP8: =IF(LEN(AQ8)=0,"",LEN(AQ8)) | AR8: =IF(LEN(AS8)=0,"",LEN(AS8)) | AT8: =IF(LEN(AU8)=0,"",LEN(AU8)) | AV8: =IF(LEN(AW8)=0,"",LEN(AW8)) | AX8: =IF(LEN(AY8)=0,"",LEN(AY8)) | AZ8: =IF(LEN(BA8)=0,"",LEN(BA8)) | BB8: =IF(LEN(BC8)=0,"",LEN(BC8)) | BD8: =IF(LEN(BE8)=0,"",LEN(BE8)) | BF8: =IF(LEN(BG8)=0,"",LEN(BG8)) | BH8: =IF(LEN(BI8)=0,"",LEN(BI8)) | BJ8: =IF(LEN(BK8)=0,"",LEN(BK8)) | BL8: =IF(LEN(BM8)=0,"",LEN(BM8)) | BN8: =IF(LEN(BO8)=0,"",LEN(BO8)) | BP8: =IF(LEN(BQ8)=0,"",LEN(BQ8)) | BR8: =IF(LEN(BS8)=0,"",LEN(BS8)) | BT8: =IF(LEN(BU8)=0,"",LEN(BU8)) | BV8: =IF(LEN(BW8)=0,"",LEN(BW8)) | BX8: =IF(LEN(BY8)=0,"",LEN(BY8)) | BZ8: =IF(LEN(CA8)=0,"",LEN(CA8)) | CB8: =IF(LEN(CC8)=0,"",LEN(CC8)) | CD8: =IF(LEN(CE8)=0,"",LEN(CE8)) | CF8: =IF(LEN(CG8)=0,"",LEN(CG8)) | CH8: =IF(LEN(CI8)=0,"",LEN(CI8)) | CJ8: =IF(LEN(CK8)=0,"",LEN(CK8)) | CL8: =IF(LEN(CM8)=0,"",LEN(CM8)) | CN8: =IF(LEN(CO8)=0,"",LEN(CO8)) | CP8: =IF(LEN(CQ8)=0,"",LEN(CQ8)) | CR8: =IF(LEN(CS8)=0,"",LEN(CS8)) | CT8: =IF(LEN(CU8)=0,"",LEN(CU8)) | CV8: =IF(LEN(CW8)=0,"",LEN(CW8)) | CX8: =IF(LEN(CY8)=0,"",LEN(CY8)) | CZ8: =IF(LEN(DA8)=0,"",LEN(DA8)) | DB8: =IF(LEN(DC8)=0,"",LEN(DC8)) | DD8: =IF(LEN(DE8)=0,"",LEN(DE8)) | DF8: =IF(LEN(DG8)=0,"",LEN(DG8)) | DH8: =IF(LEN(DI8)=0,"",LEN(DI8)) | DJ8: =IF(LEN(DK8)=0,"",LEN(DK8)) | DL8: =IF(LEN(DM8)=0,"",LEN(DM8)) | DN8: =IF(LEN(DO8)=0,"",LEN(DO8)) | DP8: =IF(LEN(DQ8)=0,"",LEN(DQ8))
A9: Headline 7 (30) | B9: =IF(LEN(C9)=0,"",LEN(C9)) -> 27 | C9: Fix Your Plumbing Emergency | D9: =IF(LEN(E9)=0,"",LEN(E9)) -> 25 | E9: Professional Home Service | F9: =IF(LEN(G9)=0,"",LEN(G9)) -> 26 | G9: Minimize Business Downtime | H9: =IF(LEN(I9)=0,"",LEN(I9)) -> 24 | I9: Damp Wall Leak Detection | J9: =IF(LEN(K9)=0,"",LEN(K9)) -> 24 | K9: Sink & Toilet Unblocking | L9: =IF(LEN(M9)=0,"",LEN(M9)) -> 24 | M9: Fix Your Hot Water Today | N9: =IF(LEN(O9)=0,"",LEN(O9)) | P9: =IF(LEN(Q9)=0,"",LEN(Q9)) | R9: =IF(LEN(S9)=0,"",LEN(S9)) | T9: =IF(LEN(U9)=0,"",LEN(U9)) | V9: =IF(LEN(W9)=0,"",LEN(W9)) | X9: =IF(LEN(Y9)=0,"",LEN(Y9)) | Z9: =IF(LEN(AA9)=0,"",LEN(AA9)) | AB9: =IF(LEN(AC9)=0,"",LEN(AC9)) | AD9: =IF(LEN(AE9)=0,"",LEN(AE9)) | AF9: =IF(LEN(AG9)=0,"",LEN(AG9)) | AH9: =IF(LEN(AI9)=0,"",LEN(AI9)) | AJ9: =IF(LEN(AK9)=0,"",LEN(AK9)) | AL9: =IF(LEN(AM9)=0,"",LEN(AM9)) | AN9: =IF(LEN(AO9)=0,"",LEN(AO9)) | AP9: =IF(LEN(AQ9)=0,"",LEN(AQ9)) | AR9: =IF(LEN(AS9)=0,"",LEN(AS9)) | AT9: =IF(LEN(AU9)=0,"",LEN(AU9)) | AV9: =IF(LEN(AW9)=0,"",LEN(AW9)) | AX9: =IF(LEN(AY9)=0,"",LEN(AY9)) | AZ9: =IF(LEN(BA9)=0,"",LEN(BA9)) | BB9: =IF(LEN(BC9)=0,"",LEN(BC9)) | BD9: =IF(LEN(BE9)=0,"",LEN(BE9)) | BF9: =IF(LEN(BG9)=0,"",LEN(BG9)) | BH9: =IF(LEN(BI9)=0,"",LEN(BI9)) | BJ9: =IF(LEN(BK9)=0,"",LEN(BK9)) | BL9: =IF(LEN(BM9)=0,"",LEN(BM9)) | BN9: =IF(LEN(BO9)=0,"",LEN(BO9)) | BP9: =IF(LEN(BQ9)=0,"",LEN(BQ9)) | BR9: =IF(LEN(BS9)=0,"",LEN(BS9)) | BT9: =IF(LEN(BU9)=0,"",LEN(BU9)) | BV9: =IF(LEN(BW9)=0,"",LEN(BW9)) | BX9: =IF(LEN(BY9)=0,"",LEN(BY9)) | BZ9: =IF(LEN(CA9)=0,"",LEN(CA9)) | CB9: =IF(LEN(CC9)=0,"",LEN(CC9)) | CD9: =IF(LEN(CE9)=0,"",LEN(CE9)) | CF9: =IF(LEN(CG9)=0,"",LEN(CG9)) | CH9: =IF(LEN(CI9)=0,"",LEN(CI9)) | CJ9: =IF(LEN(CK9)=0,"",LEN(CK9)) | CL9: =IF(LEN(CM9)=0,"",LEN(CM9)) | CN9: =IF(LEN(CO9)=0,"",LEN(CO9)) | CP9: =IF(LEN(CQ9)=0,"",LEN(CQ9)) | CR9: =IF(LEN(CS9)=0,"",LEN(CS9)) | CT9: =IF(LEN(CU9)=0,"",LEN(CU9)) | CV9: =IF(LEN(CW9)=0,"",LEN(CW9)) | CX9: =IF(LEN(CY9)=0,"",LEN(CY9)) | CZ9: =IF(LEN(DA9)=0,"",LEN(DA9)) | DB9: =IF(LEN(DC9)=0,"",LEN(DC9)) | DD9: =IF(LEN(DE9)=0,"",LEN(DE9)) | DF9: =IF(LEN(DG9)=0,"",LEN(DG9)) | DH9: =IF(LEN(DI9)=0,"",LEN(DI9)) | DJ9: =IF(LEN(DK9)=0,"",LEN(DK9)) | DL9: =IF(LEN(DM9)=0,"",LEN(DM9)) | DN9: =IF(LEN(DO9)=0,"",LEN(DO9)) | DP9: =IF(LEN(DQ9)=0,"",LEN(DQ9))
A10: Headline 8 (30) | B10: =IF(LEN(C10)=0,"",LEN(C10)) -> 25 | C10: No Extra After-Hours Fees | D10: =IF(LEN(E10)=0,"",LEN(E10)) -> 26 | E10: Reliable Plumbers Near You | F10: =IF(LEN(G10)=0,"",LEN(G10)) -> 27 | G10: Reliable Commercial Service | H10: =IF(LEN(I10)=0,"",LEN(I10)) -> 25 | I10: Non-Invasive Leak Testing | J10: =IF(LEN(K10)=0,"",LEN(K10)) -> 25 | K10: Fast Emergency Drain Care | L10: =IF(LEN(M10)=0,"",LEN(M10)) -> 26 | M10: Approved Geyser Installers | N10: =IF(LEN(O10)=0,"",LEN(O10)) | P10: =IF(LEN(Q10)=0,"",LEN(Q10)) | R10: =IF(LEN(S10)=0,"",LEN(S10)) | T10: =IF(LEN(U10)=0,"",LEN(U10)) | V10: =IF(LEN(W10)=0,"",LEN(W10)) | X10: =IF(LEN(Y10)=0,"",LEN(Y10)) | Z10: =IF(LEN(AA10)=0,"",LEN(AA10)) | AB10: =IF(LEN(AC10)=0,"",LEN(AC10)) | AD10: =IF(LEN(AE10)=0,"",LEN(AE10)) | AF10: =IF(LEN(AG10)=0,"",LEN(AG10)) | AH10: =IF(LEN(AI10)=0,"",LEN(AI10)) | AJ10: =IF(LEN(AK10)=0,"",LEN(AK10)) | AL10: =IF(LEN(AM10)=0,"",LEN(AM10)) | AN10: =IF(LEN(AO10)=0,"",LEN(AO10)) | AP10: =IF(LEN(AQ10)=0,"",LEN(AQ10)) | AR10: =IF(LEN(AS10)=0,"",LEN(AS10)) | AT10: =IF(LEN(AU10)=0,"",LEN(AU10)) | AV10: =IF(LEN(AW10)=0,"",LEN(AW10)) | AX10: =IF(LEN(AY10)=0,"",LEN(AY10)) | AZ10: =IF(LEN(BA10)=0,"",LEN(BA10)) | BB10: =IF(LEN(BC10)=0,"",LEN(BC10)) | BD10: =IF(LEN(BE10)=0,"",LEN(BE10)) | BF10: =IF(LEN(BG10)=0,"",LEN(BG10)) | BH10: =IF(LEN(BI10)=0,"",LEN(BI10)) | BJ10: =IF(LEN(BK10)=0,"",LEN(BK10)) | BL10: =IF(LEN(BM10)=0,"",LEN(BM10)) | BN10: =IF(LEN(BO10)=0,"",LEN(BO10)) | BP10: =IF(LEN(BQ10)=0,"",LEN(BQ10)) | BR10: =IF(LEN(BS10)=0,"",LEN(BS10)) | BT10: =IF(LEN(BU10)=0,"",LEN(BU10)) | BV10: =IF(LEN(BW10)=0,"",LEN(BW10)) | BX10: =IF(LEN(BY10)=0,"",LEN(BY10)) | BZ10: =IF(LEN(CA10)=0,"",LEN(CA10)) | CB10: =IF(LEN(CC10)=0,"",LEN(CC10)) | CD10: =IF(LEN(CE10)=0,"",LEN(CE10)) | CF10: =IF(LEN(CG10)=0,"",LEN(CG10)) | CH10: =IF(LEN(CI10)=0,"",LEN(CI10)) | CJ10: =IF(LEN(CK10)=0,"",LEN(CK10)) | CL10: =IF(LEN(CM10)=0,"",LEN(CM10)) | CN10: =IF(LEN(CO10)=0,"",LEN(CO10)) | CP10: =IF(LEN(CQ10)=0,"",LEN(CQ10)) | CR10: =IF(LEN(CS10)=0,"",LEN(CS10)) | CT10: =IF(LEN(CU10)=0,"",LEN(CU10)) | CV10: =IF(LEN(CW10)=0,"",LEN(CW10)) | CX10: =IF(LEN(CY10)=0,"",LEN(CY10)) | CZ10: =IF(LEN(DA10)=0,"",LEN(DA10)) | DB10: =IF(LEN(DC10)=0,"",LEN(DC10)) | DD10: =IF(LEN(DE10)=0,"",LEN(DE10)) | DF10: =IF(LEN(DG10)=0,"",LEN(DG10)) | DH10: =IF(LEN(DI10)=0,"",LEN(DI10)) | DJ10: =IF(LEN(DK10)=0,"",LEN(DK10)) | DL10: =IF(LEN(DM10)=0,"",LEN(DM10)) | DN10: =IF(LEN(DO10)=0,"",LEN(DO10)) | DP10: =IF(LEN(DQ10)=0,"",LEN(DQ10))
A11: Headline 9 (30) | B11: =IF(LEN(C11)=0,"",LEN(C11)) -> 21 | C11: Trusted Local Experts | D11: =IF(LEN(E11)=0,"",LEN(E11)) -> 24 | E11: Quality Residential Care | F11: =IF(LEN(G11)=0,"",LEN(G11)) -> 26 | G11: Licensed Business Plumbers | H11: =IF(LEN(I11)=0,"",LEN(I11)) -> 19 | I11: Pinpoint Pipe Leaks | J11: =IF(LEN(K11)=0,"",LEN(K11)) -> 24 | K11: Root Removal From Drains | L11: =IF(LEN(M11)=0,"",LEN(M11)) -> 20 | M11: Geyser Valve Repairs | N11: =IF(LEN(O11)=0,"",LEN(O11)) | P11: =IF(LEN(Q11)=0,"",LEN(Q11)) | R11: =IF(LEN(S11)=0,"",LEN(S11)) | T11: =IF(LEN(U11)=0,"",LEN(U11)) | V11: =IF(LEN(W11)=0,"",LEN(W11)) | X11: =IF(LEN(Y11)=0,"",LEN(Y11)) | Z11: =IF(LEN(AA11)=0,"",LEN(AA11)) | AB11: =IF(LEN(AC11)=0,"",LEN(AC11)) | AD11: =IF(LEN(AE11)=0,"",LEN(AE11)) | AF11: =IF(LEN(AG11)=0,"",LEN(AG11)) | AH11: =IF(LEN(AI11)=0,"",LEN(AI11)) | AJ11: =IF(LEN(AK11)=0,"",LEN(AK11)) | AL11: =IF(LEN(AM11)=0,"",LEN(AM11)) | AN11: =IF(LEN(AO11)=0,"",LEN(AO11)) | AP11: =IF(LEN(AQ11)=0,"",LEN(AQ11)) | AR11: =IF(LEN(AS11)=0,"",LEN(AS11)) | AT11: =IF(LEN(AU11)=0,"",LEN(AU11)) | AV11: =IF(LEN(AW11)=0,"",LEN(AW11)) | AX11: =IF(LEN(AY11)=0,"",LEN(AY11)) | AZ11: =IF(LEN(BA11)=0,"",LEN(BA11)) | BB11: =IF(LEN(BC11)=0,"",LEN(BC11)) | BD11: =IF(LEN(BE11)=0,"",LEN(BE11)) | BF11: =IF(LEN(BG11)=0,"",LEN(BG11)) | BH11: =IF(LEN(BI11)=0,"",LEN(BI11)) | BJ11: =IF(LEN(BK11)=0,"",LEN(BK11)) | BL11: =IF(LEN(BM11)=0,"",LEN(BM11)) | BN11: =IF(LEN(BO11)=0,"",LEN(BO11)) | BP11: =IF(LEN(BQ11)=0,"",LEN(BQ11)) | BR11: =IF(LEN(BS11)=0,"",LEN(BS11)) | BT11: =IF(LEN(BU11)=0,"",LEN(BU11)) | BV11: =IF(LEN(BW11)=0,"",LEN(BW11)) | BX11: =IF(LEN(BY11)=0,"",LEN(BY11)) | BZ11: =IF(LEN(CA11)=0,"",LEN(CA11)) | CB11: =IF(LEN(CC11)=0,"",LEN(CC11)) | CD11: =IF(LEN(CE11)=0,"",LEN(CE11)) | CF11: =IF(LEN(CG11)=0,"",LEN(CG11)) | CH11: =IF(LEN(CI11)=0,"",LEN(CI11)) | CJ11: =IF(LEN(CK11)=0,"",LEN(CK11)) | CL11: =IF(LEN(CM11)=0,"",LEN(CM11)) | CN11: =IF(LEN(CO11)=0,"",LEN(CO11)) | CP11: =IF(LEN(CQ11)=0,"",LEN(CQ11)) | CR11: =IF(LEN(CS11)=0,"",LEN(CS11)) | CT11: =IF(LEN(CU11)=0,"",LEN(CU11)) | CV11: =IF(LEN(CW11)=0,"",LEN(CW11)) | CX11: =IF(LEN(CY11)=0,"",LEN(CY11)) | CZ11: =IF(LEN(DA11)=0,"",LEN(DA11)) | DB11: =IF(LEN(DC11)=0,"",LEN(DC11)) | DD11: =IF(LEN(DE11)=0,"",LEN(DE11)) | DF11: =IF(LEN(DG11)=0,"",LEN(DG11)) | DH11: =IF(LEN(DI11)=0,"",LEN(DI11)) | DJ11: =IF(LEN(DK11)=0,"",LEN(DK11)) | DL11: =IF(LEN(DM11)=0,"",LEN(DM11)) | DN11: =IF(LEN(DO11)=0,"",LEN(DO11)) | DP11: =IF(LEN(DQ11)=0,"",LEN(DQ11))
A12: Headline 10 (30) | B12: =IF(LEN(C12)=0,"",LEN(C12)) -> 23 | C12: Call Our Emergency Team | D12: =IF(LEN(E12)=0,"",LEN(E12)) -> 25 | E12: Book A Home Plumber Today | F12: =IF(LEN(G12)=0,"",LEN(G12)) -> 25 | G12: Corporate Plumbing Audits | H12: =IF(LEN(I12)=0,"",LEN(I12)) -> 20 | I12: Expert Leak Locators | J12: =IF(LEN(K12)=0,"",LEN(K12)) -> 24 | K12: Clear Your Clogged Pipes | L12: =IF(LEN(M12)=0,"",LEN(M12)) -> 24 | M12: Emergency Geyser Service | N12: =IF(LEN(O12)=0,"",LEN(O12)) | P12: =IF(LEN(Q12)=0,"",LEN(Q12)) | R12: =IF(LEN(S12)=0,"",LEN(S12)) | T12: =IF(LEN(U12)=0,"",LEN(U12)) | V12: =IF(LEN(W12)=0,"",LEN(W12)) | X12: =IF(LEN(Y12)=0,"",LEN(Y12)) | Z12: =IF(LEN(AA12)=0,"",LEN(AA12)) | AB12: =IF(LEN(AC12)=0,"",LEN(AC12)) | AD12: =IF(LEN(AE12)=0,"",LEN(AE12)) | AF12: =IF(LEN(AG12)=0,"",LEN(AG12)) | AH12: =IF(LEN(AI12)=0,"",LEN(AI12)) | AJ12: =IF(LEN(AK12)=0,"",LEN(AK12)) | AL12: =IF(LEN(AM12)=0,"",LEN(AM12)) | AN12: =IF(LEN(AO12)=0,"",LEN(AO12)) | AP12: =IF(LEN(AQ12)=0,"",LEN(AQ12)) | AR12: =IF(LEN(AS12)=0,"",LEN(AS12)) | AT12: =IF(LEN(AU12)=0,"",LEN(AU12)) | AV12: =IF(LEN(AW12)=0,"",LEN(AW12)) | AX12: =IF(LEN(AY12)=0,"",LEN(AY12)) | AZ12: =IF(LEN(BA12)=0,"",LEN(BA12)) | BB12: =IF(LEN(BC12)=0,"",LEN(BC12)) | BD12: =IF(LEN(BE12)=0,"",LEN(BE12)) | BF12: =IF(LEN(BG12)=0,"",LEN(BG12)) | BH12: =IF(LEN(BI12)=0,"",LEN(BI12)) | BJ12: =IF(LEN(BK12)=0,"",LEN(BK12)) | BL12: =IF(LEN(BM12)=0,"",LEN(BM12)) | BN12: =IF(LEN(BO12)=0,"",LEN(BO12)) | BP12: =IF(LEN(BQ12)=0,"",LEN(BQ12)) | BR12: =IF(LEN(BS12)=0,"",LEN(BS12)) | BT12: =IF(LEN(BU12)=0,"",LEN(BU12)) | BV12: =IF(LEN(BW12)=0,"",LEN(BW12)) | BX12: =IF(LEN(BY12)=0,"",LEN(BY12)) | BZ12: =IF(LEN(CA12)=0,"",LEN(CA12)) | CB12: =IF(LEN(CC12)=0,"",LEN(CC12)) | CD12: =IF(LEN(CE12)=0,"",LEN(CE12)) | CF12: =IF(LEN(CG12)=0,"",LEN(CG12)) | CH12: =IF(LEN(CI12)=0,"",LEN(CI12)) | CJ12: =IF(LEN(CK12)=0,"",LEN(CK12)) | CL12: =IF(LEN(CM12)=0,"",LEN(CM12)) | CN12: =IF(LEN(CO12)=0,"",LEN(CO12)) | CP12: =IF(LEN(CQ12)=0,"",LEN(CQ12)) | CR12: =IF(LEN(CS12)=0,"",LEN(CS12)) | CT12: =IF(LEN(CU12)=0,"",LEN(CU12)) | CV12: =IF(LEN(CW12)=0,"",LEN(CW12)) | CX12: =IF(LEN(CY12)=0,"",LEN(CY12)) | CZ12: =IF(LEN(DA12)=0,"",LEN(DA12)) | DB12: =IF(LEN(DC12)=0,"",LEN(DC12)) | DD12: =IF(LEN(DE12)=0,"",LEN(DE12)) | DF12: =IF(LEN(DG12)=0,"",LEN(DG12)) | DH12: =IF(LEN(DI12)=0,"",LEN(DI12)) | DJ12: =IF(LEN(DK12)=0,"",LEN(DK12)) | DL12: =IF(LEN(DM12)=0,"",LEN(DM12)) | DN12: =IF(LEN(DO12)=0,"",LEN(DO12)) | DP12: =IF(LEN(DQ12)=0,"",LEN(DQ12))
A13: Description 1 (90) | B13: =IF(LEN(C13)=0,"",LEN(C13)) -> 86 | C13: Burst Pipe Or Severe Leak? Our Emergency Plumbers Are On Standby 24/7 To Help You Now. | D13: =IF(LEN(E13)=0,"",LEN(E13)) -> 84 | E13: From Leaky Taps To Full Household Plumbing Installations, We Keep Your Home Running. | F13: =IF(LEN(G13)=0,"",LEN(G13)) -> 90 | G13: Expert Commercial Plumbing Solutions Designed To Keep Your Business Operating Efficiently. | H13: =IF(LEN(I13)=0,"",LEN(I13)) -> 90 | I13: High Water Bill? We Find Hidden Underground And In-Wall Leaks Without Breaking Your Walls. | J13: =IF(LEN(K13)=0,"",LEN(K13)) -> 87 | K13: Overflowing Drains Or Blocked Toilets? We Clear Stubborn Blockages Rapidly And Cleanly. | L13: =IF(LEN(M13)=0,"",LEN(M13)) -> 90 | M13: No Hot Water Or A Leaking Geyser? Our Certified Technicians Repair All Major Brands Today. | N13: =IF(LEN(O13)=0,"",LEN(O13)) | P13: =IF(LEN(Q13)=0,"",LEN(Q13)) | R13: =IF(LEN(S13)=0,"",LEN(S13)) | T13: =IF(LEN(U13)=0,"",LEN(U13)) | V13: =IF(LEN(W13)=0,"",LEN(W13)) | X13: =IF(LEN(Y13)=0,"",LEN(Y13)) | Z13: =IF(LEN(AA13)=0,"",LEN(AA13)) | AB13: =IF(LEN(AC13)=0,"",LEN(AC13)) | AD13: =IF(LEN(AE13)=0,"",LEN(AE13)) | AF13: =IF(LEN(AG13)=0,"",LEN(AG13)) | AH13: =IF(LEN(AI13)=0,"",LEN(AI13)) | AJ13: =IF(LEN(AK13)=0,"",LEN(AK13)) | AL13: =IF(LEN(AM13)=0,"",LEN(AM13)) | AN13: =IF(LEN(AO13)=0,"",LEN(AO13)) | AP13: =IF(LEN(AQ13)=0,"",LEN(AQ13)) | AR13: =IF(LEN(AS13)=0,"",LEN(AS13)) | AT13: =IF(LEN(AU13)=0,"",LEN(AU13)) | AV13: =IF(LEN(AW13)=0,"",LEN(AW13)) | AX13: =IF(LEN(AY13)=0,"",LEN(AY13)) | AZ13: =IF(LEN(BA13)=0,"",LEN(BA13)) | BB13: =IF(LEN(BC13)=0,"",LEN(BC13)) | BD13: =IF(LEN(BE13)=0,"",LEN(BE13)) | BF13: =IF(LEN(BG13)=0,"",LEN(BG13)) | BH13: =IF(LEN(BI13)=0,"",LEN(BI13)) | BJ13: =IF(LEN(BK13)=0,"",LEN(BK13)) | BL13: =IF(LEN(BM13)=0,"",LEN(BM13)) | BN13: =IF(LEN(BO13)=0,"",LEN(BO13)) | BP13: =IF(LEN(BQ13)=0,"",LEN(BQ13)) | BR13: =IF(LEN(BS13)=0,"",LEN(BS13)) | BT13: =IF(LEN(BU13)=0,"",LEN(BU13)) | BV13: =IF(LEN(BW13)=0,"",LEN(BW13)) | BX13: =IF(LEN(BY13)=0,"",LEN(BY13)) | BZ13: =IF(LEN(CA13)=0,"",LEN(CA13)) | CB13: =IF(LEN(CC13)=0,"",LEN(CC13)) | CD13: =IF(LEN(CE13)=0,"",LEN(CE13)) | CF13: =IF(LEN(CG13)=0,"",LEN(CG13)) | CH13: =IF(LEN(CI13)=0,"",LEN(CI13)) | CJ13: =IF(LEN(CK13)=0,"",LEN(CK13)) | CL13: =IF(LEN(CM13)=0,"",LEN(CM13)) | CN13: =IF(LEN(CO13)=0,"",LEN(CO13)) | CP13: =IF(LEN(CQ13)=0,"",LEN(CQ13)) | CR13: =IF(LEN(CS13)=0,"",LEN(CS13)) | CT13: =IF(LEN(CU13)=0,"",LEN(CU13)) | CV13: =IF(LEN(CW13)=0,"",LEN(CW13)) | CX13: =IF(LEN(CY13)=0,"",LEN(CY13)) | CZ13: =IF(LEN(DA13)=0,"",LEN(DA13)) | DB13: =IF(LEN(DC13)=0,"",LEN(DC13)) | DD13: =IF(LEN(DE13)=0,"",LEN(DE13)) | DF13: =IF(LEN(DG13)=0,"",LEN(DG13)) | DH13: =IF(LEN(DI13)=0,"",LEN(DI13)) | DJ13: =IF(LEN(DK13)=0,"",LEN(DK13)) | DL13: =IF(LEN(DM13)=0,"",LEN(DM13)) | DN13: =IF(LEN(DO13)=0,"",LEN(DO13)) | DP13: =IF(LEN(DQ13)=0,"",LEN(DQ13))
A14: Description 2 (90) | B14: =IF(LEN(C14)=0,"",LEN(C14)) -> 83 | C14: Fast, Reliable Emergency Plumbing Repairs. On-Site Rapidly To Prevent Water Damage. | D14: =IF(LEN(E14)=0,"",LEN(E14)) -> 89 | E14: Professional, Clean, And Respectful Residential Plumbing Services Tailored For Your Home. | F14: =IF(LEN(G14)=0,"",LEN(G14)) -> 89 | G14: We Support Property Managers, Retail Spaces & Office Blocks With Fast, Reliable Plumbing. | H14: =IF(LEN(I14)=0,"",LEN(I14)) -> 89 | I14: Advanced Acoustic And Thermal Leak Detection Technology To Pinpoint Water Loss Precisely. | J14: =IF(LEN(K14)=0,"",LEN(K14)) -> 80 | K14: Advanced Drain Cleaning, Camera Inspections, And High-Pressure Jetting Services. | L14: =IF(LEN(M14)=0,"",LEN(M14)) -> 85 | M14: Fast, Insurance-Approved Burst Geyser Replacements To Minimize Internal Water Damage. | N14: =IF(LEN(O14)=0,"",LEN(O14)) | P14: =IF(LEN(Q14)=0,"",LEN(Q14)) | R14: =IF(LEN(S14)=0,"",LEN(S14)) | T14: =IF(LEN(U14)=0,"",LEN(U14)) | V14: =IF(LEN(W14)=0,"",LEN(W14)) | X14: =IF(LEN(Y14)=0,"",LEN(Y14)) | Z14: =IF(LEN(AA14)=0,"",LEN(AA14)) | AB14: =IF(LEN(AC14)=0,"",LEN(AC14)) | AD14: =IF(LEN(AE14)=0,"",LEN(AE14)) | AF14: =IF(LEN(AG14)=0,"",LEN(AG14)) | AH14: =IF(LEN(AI14)=0,"",LEN(AI14)) | AJ14: =IF(LEN(AK14)=0,"",LEN(AK14)) | AL14: =IF(LEN(AM14)=0,"",LEN(AM14)) | AN14: =IF(LEN(AO14)=0,"",LEN(AO14)) | AP14: =IF(LEN(AQ14)=0,"",LEN(AQ14)) | AR14: =IF(LEN(AS14)=0,"",LEN(AS14)) | AT14: =IF(LEN(AU14)=0,"",LEN(AU14)) | AV14: =IF(LEN(AW14)=0,"",LEN(AW14)) | AX14: =IF(LEN(AY14)=0,"",LEN(AY14)) | AZ14: =IF(LEN(BA14)=0,"",LEN(BA14)) | BB14: =IF(LEN(BC14)=0,"",LEN(BC14)) | BD14: =IF(LEN(BE14)=0,"",LEN(BE14)) | BF14: =IF(LEN(BG14)=0,"",LEN(BG14)) | BH14: =IF(LEN(BI14)=0,"",LEN(BI14)) | BJ14: =IF(LEN(BK14)=0,"",LEN(BK14)) | BL14: =IF(LEN(BM14)=0,"",LEN(BM14)) | BN14: =IF(LEN(BO14)=0,"",LEN(BO14)) | BP14: =IF(LEN(BQ14)=0,"",LEN(BQ14)) | BR14: =IF(LEN(BS14)=0,"",LEN(BS14)) | BT14: =IF(LEN(BU14)=0,"",LEN(BU14)) | BV14: =IF(LEN(BW14)=0,"",LEN(BW14)) | BX14: =IF(LEN(BY14)=0,"",LEN(BY14)) | BZ14: =IF(LEN(CA14)=0,"",LEN(CA14)) | CB14: =IF(LEN(CC14)=0,"",LEN(CC14)) | CD14: =IF(LEN(CE14)=0,"",LEN(CE14)) | CF14: =IF(LEN(CG14)=0,"",LEN(CG14)) | CH14: =IF(LEN(CI14)=0,"",LEN(CI14)) | CJ14: =IF(LEN(CK14)=0,"",LEN(CK14)) | CL14: =IF(LEN(CM14)=0,"",LEN(CM14)) | CN14: =IF(LEN(CO14)=0,"",LEN(CO14)) | CP14: =IF(LEN(CQ14)=0,"",LEN(CQ14)) | CR14: =IF(LEN(CS14)=0,"",LEN(CS14)) | CT14: =IF(LEN(CU14)=0,"",LEN(CU14)) | CV14: =IF(LEN(CW14)=0,"",LEN(CW14)) | CX14: =IF(LEN(CY14)=0,"",LEN(CY14)) | CZ14: =IF(LEN(DA14)=0,"",LEN(DA14)) | DB14: =IF(LEN(DC14)=0,"",LEN(DC14)) | DD14: =IF(LEN(DE14)=0,"",LEN(DE14)) | DF14: =IF(LEN(DG14)=0,"",LEN(DG14)) | DH14: =IF(LEN(DI14)=0,"",LEN(DI14)) | DJ14: =IF(LEN(DK14)=0,"",LEN(DK14)) | DL14: =IF(LEN(DM14)=0,"",LEN(DM14)) | DN14: =IF(LEN(DO14)=0,"",LEN(DO14)) | DP14: =IF(LEN(DQ14)=0,"",LEN(DQ14))
... A16: Description 4 (90) | B16: =IF(LEN(C16)=0,"",LEN(C16)) -> 87 | C16: Highly Trained Emergency Technicians Equipped To Solve Any Plumbing Crisis Immediately. | D16: =IF(LEN(E16)=0,"",LEN(E16)) -> 90 | E16: Top-Rated Home Plumbing Repairs & Maintenance. Transparent Pricing And Quality Guaranteed. | F16: =IF(LEN(G16)=0,"",LEN(G16)) -> 88 | G16: Scheduled Maintenance Contracts And Emergency Corporate Repairs. Call Our Experts Today. | H16: =IF(LEN(I16)=0,"",LEN(I16)) -> 88 | I16: Professional Leak Tracing And Structural Damp Detection Services. Protect Your Property. | J16: =IF(LEN(K16)=0,"",LEN(K16)) -> 88 | K16: Reliable, Long-Lasting Drain Unblocking Solutions For Residential And Commercial Spaces. | L16: =IF(LEN(M16)=0,"",LEN(M16)) -> 89 | M16: Safe, Compliant Geyser Installations And Solar Conversions By Local Plumbing Specialists. | N16: =IF(LEN(O16)=0,"",LEN(O16)) | P16: =IF(LEN(Q16)=0,"",LEN(Q16)) | R16: =IF(LEN(S16)=0,"",LEN(S16)) | T16: =IF(LEN(U16)=0,"",LEN(U16)) | V16: =IF(LEN(W16)=0,"",LEN(W16)) | X16: =IF(LEN(Y16)=0,"",LEN(Y16)) | Z16: =IF(LEN(AA16)=0,"",LEN(AA16)) | AB16: =IF(LEN(AC16)=0,"",LEN(AC16)) | AD16: =IF(LEN(AE16)=0,"",LEN(AE16)) | AF16: =IF(LEN(AG16)=0,"",LEN(AG16)) | AH16: =IF(LEN(AI16)=0,"",LEN(AI16)) | AJ16: =IF(LEN(AK16)=0,"",LEN(AK16)) | AL16: =IF(LEN(AM16)=0,"",LEN(AM16)) | AN16: =IF(LEN(AO16)=0,"",LEN(AO16)) | AP16: =IF(LEN(AQ16)=0,"",LEN(AQ16)) | AR16: =IF(LEN(AS16)=0,"",LEN(AS16)) | AT16: =IF(LEN(AU16)=0,"",LEN(AU16)) | AV16: =IF(LEN(AW16)=0,"",LEN(AW16)) | AX16: =IF(LEN(AY16)=0,"",LEN(AY16)) | AZ16: =IF(LEN(BA16)=0,"",LEN(BA16)) | BB16: =IF(LEN(BC16)=0,"",LEN(BC16)) | BD16: =IF(LEN(BE16)=0,"",LEN(BE16)) | BF16: =IF(LEN(BG16)=0,"",LEN(BG16)) | BH16: =IF(LEN(BI16)=0,"",LEN(BI16)) | BJ16: =IF(LEN(BK16)=0,"",LEN(BK16)) | BL16: =IF(LEN(BM16)=0,"",LEN(BM16)) | BN16: =IF(LEN(BO16)=0,"",LEN(BO16)) | BP16: =IF(LEN(BQ16)=0,"",LEN(BQ16)) | BR16: =IF(LEN(BS16)=0,"",LEN(BS16)) | BT16: =IF(LEN(BU16)=0,"",LEN(BU16)) | BV16: =IF(LEN(BW16)=0,"",LEN(BW16)) | BX16: =IF(LEN(BY16)=0,"",LEN(BY16)) | BZ16: =IF(LEN(CA16)=0,"",LEN(CA16)) | CB16: =IF(LEN(CC16)=0,"",LEN(CC16)) | CD16: =IF(LEN(CE16)=0,"",LEN(CE16)) | CF16: =IF(LEN(CG16)=0,"",LEN(CG16)) | CH16: =IF(LEN(CI16)=0,"",LEN(CI16)) | CJ16: =IF(LEN(CK16)=0,"",LEN(CK16)) | CL16: =IF(LEN(CM16)=0,"",LEN(CM16)) | CN16: =IF(LEN(CO16)=0,"",LEN(CO16)) | CP16: =IF(LEN(CQ16)=0,"",LEN(CQ16)) | CR16: =IF(LEN(CS16)=0,"",LEN(CS16)) | CT16: =IF(LEN(CU16)=0,"",LEN(CU16)) | CV16: =IF(LEN(CW16)=0,"",LEN(CW16)) | CX16: =IF(LEN(CY16)=0,"",LEN(CY16)) | CZ16: =IF(LEN(DA16)=0,"",LEN(DA16)) | DB16: =IF(LEN(DC16)=0,"",LEN(DC16)) | DD16: =IF(LEN(DE16)=0,"",LEN(DE16)) | DF16: =IF(LEN(DG16)=0,"",LEN(DG16)) | DH16: =IF(LEN(DI16)=0,"",LEN(DI16)) | DJ16: =IF(LEN(DK16)=0,"",LEN(DK16)) | DL16: =IF(LEN(DM16)=0,"",LEN(DM16)) | DN16: =IF(LEN(DO16)=0,"",LEN(DO16)) | DP16: =IF(LEN(DQ16)=0,"",LEN(DQ16))
A17: Display URL | B17: =IF(LEN(C17)=0,"",LEN(C17)) -> 46 | C17: https://angelplumbers.co.za/Emergency_Plumbing | E17: https://angelplumbers.co.za/Residential-Plumbing | G17: https://angelplumbers.co.za/Commercial_Plumbing | I17: https://angelplumbers.co.za/Leak-Detection | K17: https://angelplumbers.co.za/Drain_Cleaning | M17: https://angelplumbers.co.za/Geyser_Replacement_&_Repairs | N17: =IF(LEN(O17)=0,"",LEN(O17)) | P17: =IF(LEN(Q17)=0,"",LEN(Q17)) | R17: =IF(LEN(S17)=0,"",LEN(S17)) | T17: =IF(LEN(U17)=0,"",LEN(U17)) | V17: =IF(LEN(W17)=0,"",LEN(W17)) | X17: =IF(LEN(Y17)=0,"",LEN(Y17)) | Z17: =IF(LEN(AA17)=0,"",LEN(AA17)) | AB17: =IF(LEN(AC17)=0,"",LEN(AC17)) | AD17: =IF(LEN(AE17)=0,"",LEN(AE17)) | AF17: =IF(LEN(AG17)=0,"",LEN(AG17)) | AH17: =IF(LEN(AI17)=0,"",LEN(AI17)) | AJ17: =IF(LEN(AK17)=0,"",LEN(AK17)) | AL17: =IF(LEN(AM17)=0,"",LEN(AM17)) | AN17: =IF(LEN(AO17)=0,"",LEN(AO17)) | AP17: =IF(LEN(AQ17)=0,"",LEN(AQ17)) | AR17: =IF(LEN(AS17)=0,"",LEN(AS17)) | AT17: =IF(LEN(AU17)=0,"",LEN(AU17)) | AV17: =IF(LEN(AW17)=0,"",LEN(AW17)) | AX17: =IF(LEN(AY17)=0,"",LEN(AY17)) | AZ17: =IF(LEN(BA17)=0,"",LEN(BA17)) | BB17: =IF(LEN(BC17)=0,"",LEN(BC17)) | BD17: =IF(LEN(BE17)=0,"",LEN(BE17)) | BF17: =IF(LEN(BG17)=0,"",LEN(BG17)) | BH17: =IF(LEN(BI17)=0,"",LEN(BI17)) | BJ17: =IF(LEN(BK17)=0,"",LEN(BK17)) | BL17: =IF(LEN(BM17)=0,"",LEN(BM17)) | BN17: =IF(LEN(BO17)=0,"",LEN(BO17)) | BP17: =IF(LEN(BQ17)=0,"",LEN(BQ17)) | BR17: =IF(LEN(BS17)=0,"",LEN(BS17)) | BT17: =IF(LEN(BU17)=0,"",LEN(BU17)) | BV17: =IF(LEN(BW17)=0,"",LEN(BW17)) | BX17: =IF(LEN(BY17)=0,"",LEN(BY17)) | BZ17: =IF(LEN(CA17)=0,"",LEN(CA17)) | CB17: =IF(LEN(CC17)=0,"",LEN(CC17)) | CD17: =IF(LEN(CE17)=0,"",LEN(CE17)) | CF17: =IF(LEN(CG17)=0,"",LEN(CG17)) | CH17: =IF(LEN(CI17)=0,"",LEN(CI17)) | CJ17: =IF(LEN(CK17)=0,"",LEN(CK17)) | CL17: =IF(LEN(CM17)=0,"",LEN(CM17)) | CN17: =IF(LEN(CO17)=0,"",LEN(CO17)) | CP17: =IF(LEN(CQ17)=0,"",LEN(CQ17)) | CR17: =IF(LEN(CS17)=0,"",LEN(CS17)) | CT17: =IF(LEN(CU17)=0,"",LEN(CU17)) | CV17: =IF(LEN(CW17)=0,"",LEN(CW17)) | CX17: =IF(LEN(CY17)=0,"",LEN(CY17)) | CZ17: =IF(LEN(DA17)=0,"",LEN(DA17)) | DB17: =IF(LEN(DC17)=0,"",LEN(DC17)) | DD17: =IF(LEN(DE17)=0,"",LEN(DE17)) | DF17: =IF(LEN(DG17)=0,"",LEN(DG17)) | DH17: =IF(LEN(DI17)=0,"",LEN(DI17)) | DJ17: =IF(LEN(DK17)=0,"",LEN(DK17)) | DL17: =IF(LEN(DM17)=0,"",LEN(DM17)) | DN17: =IF(LEN(DO17)=0,"",LEN(DO17)) | DP17: =IF(LEN(DQ17)=0,"",LEN(DQ17))
A18: Final URL | B18: =IF(LEN(C18)=0,"",LEN(C18)) -> 28 | C18: https://angelplumbers.co.za/ | E18: https://angelplumbers.co.za/ | G18: https://angelplumbers.co.za/ | I18: https://angelplumbers.co.za/ | K18: https://angelplumbers.co.za/ | M18: https://angelplumbers.co.za/ | N18: =IF(LEN(O18)=0,"",LEN(O18)) | P18: =IF(LEN(Q18)=0,"",LEN(Q18)) | R18: =IF(LEN(S18)=0,"",LEN(S18)) | T18: =IF(LEN(U18)=0,"",LEN(U18)) | V18: =IF(LEN(W18)=0,"",LEN(W18)) | X18: =IF(LEN(Y18)=0,"",LEN(Y18)) | Z18: =IF(LEN(AA18)=0,"",LEN(AA18)) | AB18: =IF(LEN(AC18)=0,"",LEN(AC18)) | AD18: =IF(LEN(AE18)=0,"",LEN(AE18)) | AF18: =IF(LEN(AG18)=0,"",LEN(AG18)) | AH18: =IF(LEN(AI18)=0,"",LEN(AI18)) | AJ18: =IF(LEN(AK18)=0,"",LEN(AK18)) | AL18: =IF(LEN(AM18)=0,"",LEN(AM18)) | AN18: =IF(LEN(AO18)=0,"",LEN(AO18)) | AP18: =IF(LEN(AQ18)=0,"",LEN(AQ18)) | AR18: =IF(LEN(AS18)=0,"",LEN(AS18)) | AT18: =IF(LEN(AU18)=0,"",LEN(AU18)) | AV18: =IF(LEN(AW18)=0,"",LEN(AW18)) | AX18: =IF(LEN(AY18)=0,"",LEN(AY18)) | AZ18: =IF(LEN(BA18)=0,"",LEN(BA18)) | BB18: =IF(LEN(BC18)=0,"",LEN(BC18)) | BD18: =IF(LEN(BE18)=0,"",LEN(BE18)) | BF18: =IF(LEN(BG18)=0,"",LEN(BG18)) | BH18: =IF(LEN(BI18)=0,"",LEN(BI18)) | BJ18: =IF(LEN(BK18)=0,"",LEN(BK18)) | BL18: =IF(LEN(BM18)=0,"",LEN(BM18)) | BN18: =IF(LEN(BO18)=0,"",LEN(BO18)) | BP18: =IF(LEN(BQ18)=0,"",LEN(BQ18)) | BR18: =IF(LEN(BS18)=0,"",LEN(BS18)) | BT18: =IF(LEN(BU18)=0,"",LEN(BU18)) | BV18: =IF(LEN(BW18)=0,"",LEN(BW18)) | BX18: =IF(LEN(BY18)=0,"",LEN(BY18)) | BZ18: =IF(LEN(CA18)=0,"",LEN(CA18)) | CB18: =IF(LEN(CC18)=0,"",LEN(CC18)) | CD18: =IF(LEN(CE18)=0,"",LEN(CE18)) | CF18: =IF(LEN(CG18)=0,"",LEN(CG18)) | CH18: =IF(LEN(CI18)=0,"",LEN(CI18)) | CJ18: =IF(LEN(CK18)=0,"",LEN(CK18)) | CL18: =IF(LEN(CM18)=0,"",LEN(CM18)) | CN18: =IF(LEN(CO18)=0,"",LEN(CO18)) | CP18: =IF(LEN(CQ18)=0,"",LEN(CQ18)) | CR18: =IF(LEN(CS18)=0,"",LEN(CS18)) | CT18: =IF(LEN(CU18)=0,"",LEN(CU18)) | CV18: =IF(LEN(CW18)=0,"",LEN(CW18)) | CX18: =IF(LEN(CY18)=0,"",LEN(CY18)) | CZ18: =IF(LEN(DA18)=0,"",LEN(DA18)) | DB18: =IF(LEN(DC18)=0,"",LEN(DC18)) | DD18: =IF(LEN(DE18)=0,"",LEN(DE18)) | DF18: =IF(LEN(DG18)=0,"",LEN(DG18)) | DH18: =IF(LEN(DI18)=0,"",LEN(DI18)) | DJ18: =IF(LEN(DK18)=0,"",LEN(DK18)) | DL18: =IF(LEN(DM18)=0,"",LEN(DM18)) | DN18: =IF(LEN(DO18)=0,"",LEN(DO18)) | DP18: =IF(LEN(DQ18)=0,"",LEN(DQ18))
B19: =IF(LEN(C19)=0,"",LEN(C19))
A21: Headline 1 (30) | B21: =IF(LEN(C21)=0,"",LEN(C21)) -> 23 | C21: Local Emergency Plumber | D21: =IF(LEN(E21)=0,"",LEN(E21)) -> 27 | E21: Your Trusted Family Plumber | F21: =IF(LEN(G21)=0,"",LEN(G21)) -> 28 | G21: Certified Corporate Plumbers | H21: =IF(LEN(I21)=0,"",LEN(I21)) -> 24 | I21: Certified Leak Detectors | J21: =IF(LEN(K21)=0,"",LEN(K21)) -> 24 | K21: Sewer Camera Inspections | L21: =IF(LEN(M21)=0,"",LEN(M21)) -> 27 | M21: PIRB Compliant Geyser Swaps | N21: =IF(LEN(O21)=0,"",LEN(O21)) | P21: =IF(LEN(Q21)=0,"",LEN(Q21)) | R21: =IF(LEN(S21)=0,"",LEN(S21)) | T21: =IF(LEN(U21)=0,"",LEN(U21)) | V21: =IF(LEN(W21)=0,"",LEN(W21)) | X21: =IF(LEN(Y21)=0,"",LEN(Y21)) | Z21: =IF(LEN(AA21)=0,"",LEN(AA21)) | AB21: =IF(LEN(AC21)=0,"",LEN(AC21)) | AD21: =IF(LEN(AE21)=0,"",LEN(AE21)) | AF21: =IF(LEN(AG21)=0,"",LEN(AG21)) | AH21: =IF(LEN(AI21)=0,"",LEN(AI21)) | AJ21: =IF(LEN(AK21)=0,"",LEN(AK21)) | AL21: =IF(LEN(AM21)=0,"",LEN(AM21)) | AN21: =IF(LEN(AO21)=0,"",LEN(AO21)) | AP21: =IF(LEN(AQ21)=0,"",LEN(AQ21)) | AR21: =IF(LEN(AS21)=0,"",LEN(AS21)) | AT21: =IF(LEN(AU21)=0,"",LEN(AU21)) | AV21: =IF(LEN(AW21)=0,"",LEN(AW21)) | AX21: =IF(LEN(AY21)=0,"",LEN(AY21)) | AZ21: =IF(LEN(BA21)=0,"",LEN(BA21)) | BB21: =IF(LEN(BC21)=0,"",LEN(BC21)) | BD21: =IF(LEN(BE21)=0,"",LEN(BE21)) | BF21: =IF(LEN(BG21)=0,"",LEN(BG21)) | BH21: =IF(LEN(BI21)=0,"",LEN(BI21)) | BJ21: =IF(LEN(BK21)=0,"",LEN(BK21)) | BL21: =IF(LEN(BM21)=0,"",LEN(BM21)) | BN21: =IF(LEN(BO21)=0,"",LEN(BO21)) | BP21: =IF(LEN(BQ21)=0,"",LEN(BQ21)) | BR21: =IF(LEN(BS21)=0,"",LEN(BS21)) | BT21: =IF(LEN(BU21)=0,"",LEN(BU21)) | BV21: =IF(LEN(BW21)=0,"",LEN(BW21)) | BX21: =IF(LEN(BY21)=0,"",LEN(BY21)) | BZ21: =IF(LEN(CA21)=0,"",LEN(CA21)) | CB21: =IF(LEN(CC21)=0,"",LEN(CC21)) | CD21: =IF(LEN(CE21)=0,"",LEN(CE21)) | CF21: =IF(LEN(CG21)=0,"",LEN(CG21)) | CH21: =IF(LEN(CI21)=0,"",LEN(CI21)) | CJ21: =IF(LEN(CK21)=0,"",LEN(CK21)) | CL21: =IF(LEN(CM21)=0,"",LEN(CM21)) | CN21: =IF(LEN(CO21)=0,"",LEN(CO21)) | CP21: =IF(LEN(CQ21)=0,"",LEN(CQ21)) | CR21: =IF(LEN(CS21)=0,"",LEN(CS21)) | CT21: =IF(LEN(CU21)=0,"",LEN(CU21)) | CV21: =IF(LEN(CW21)=0,"",LEN(CW21)) | CX21: =IF(LEN(CY21)=0,"",LEN(CY21)) | CZ21: =IF(LEN(DA21)=0,"",LEN(DA21)) | DB21: =IF(LEN(DC21)=0,"",LEN(DC21)) | DD21: =IF(LEN(DE21)=0,"",LEN(DE21)) | DF21: =IF(LEN(DG21)=0,"",LEN(DG21)) | DH21: =IF(LEN(DI21)=0,"",LEN(DI21)) | DJ21: =IF(LEN(DK21)=0,"",LEN(DK21)) | DL21: =IF(LEN(DM21)=0,"",LEN(DM21)) | DN21: =IF(LEN(DO21)=0,"",LEN(DO21)) | DP21: =IF(LEN(DQ21)=0,"",LEN(DQ21))
A22: Headline 2 (30) | B22: =IF(LEN(C22)=0,"",LEN(C22)) -> 24 | C22: No Hidden Emergency Fees | D22: =IF(LEN(E22)=0,"",LEN(E22)) -> 28 | E22: Upfront Fixed Pricing Quotes | F22: =IF(LEN(G22)=0,"",LEN(G22)) -> 25 | G22: Property Manager Plumbing | H22: =IF(LEN(I22)=0,"",LEN(I22)) -> 25 | I22: Save Money On Water Bills | J22: =IF(LEN(K22)=0,"",LEN(K22)) -> 28 | K22: High Pressure Jet Unblocking | L22: =IF(LEN(M22)=0,"",LEN(M22)) -> 28 | M22: Certified Water Heater Techs | N22: =IF(LEN(O22)=0,"",LEN(O22)) | P22: =IF(LEN(Q22)=0,"",LEN(Q22)) | R22: =IF(LEN(S22)=0,"",LEN(S22)) | T22: =IF(LEN(U22)=0,"",LEN(U22)) | V22: =IF(LEN(W22)=0,"",LEN(W22)) | X22: =IF(LEN(Y22)=0,"",LEN(Y22)) | Z22: =IF(LEN(AA22)=0,"",LEN(AA22)) | AB22: =IF(LEN(AC22)=0,"",LEN(AC22)) | AD22: =IF(LEN(AE22)=0,"",LEN(AE22)) | AF22: =IF(LEN(AG22)=0,"",LEN(AG22)) | AH22: =IF(LEN(AI22)=0,"",LEN(AI22)) | AJ22: =IF(LEN(AK22)=0,"",LEN(AK22)) | AL22: =IF(LEN(AM22)=0,"",LEN(AM22)) | AN22: =IF(LEN(AO22)=0,"",LEN(AO22)) | AP22: =IF(LEN(AQ22)=0,"",LEN(AQ22)) | AR22: =IF(LEN(AS22)=0,"",LEN(AS22)) | AT22: =IF(LEN(AU22)=0,"",LEN(AU22)) | AV22: =IF(LEN(AW22)=0,"",LEN(AW22)) | AX22: =IF(LEN(AY22)=0,"",LEN(AY22)) | AZ22: =IF(LEN(BA22)=0,"",LEN(BA22)) | BB22: =IF(LEN(BC22)=0,"",LEN(BC22)) | BD22: =IF(LEN(BE22)=0,"",LEN(BE22)) | BF22: =IF(LEN(BG22)=0,"",LEN(BG22)) | BH22: =IF(LEN(BI22)=0,"",LEN(BI22)) | BJ22: =IF(LEN(BK22)=0,"",LEN(BK22)) | BL22: =IF(LEN(BM22)=0,"",LEN(BM22)) | BN22: =IF(LEN(BO22)=0,"",LEN(BO22)) | BP22: =IF(LEN(BQ22)=0,"",LEN(BQ22)) | BR22: =IF(LEN(BS22)=0,"",LEN(BS22)) | BT22: =IF(LEN(BU22)=0,"",LEN(BU22)) | BV22: =IF(LEN(BW22)=0,"",LEN(BW22)) | BX22: =IF(LEN(BY22)=0,"",LEN(BY22)) | BZ22: =IF(LEN(CA22)=0,"",LEN(CA22)) | CB22: =IF(LEN(CC22)=0,"",LEN(CC22)) | CD22: =IF(LEN(CE22)=0,"",LEN(CE22)) | CF22: =IF(LEN(CG22)=0,"",LEN(CG22)) | CH22: =IF(LEN(CI22)=0,"",LEN(CI22)) | CJ22: =IF(LEN(CK22)=0,"",LEN(CK22)) | CL22: =IF(LEN(CM22)=0,"",LEN(CM22)) | CN22: =IF(LEN(CO22)=0,"",LEN(CO22)) | CP22: =IF(LEN(CQ22)=0,"",LEN(CQ22)) | CR22: =IF(LEN(CS22)=0,"",LEN(CS22)) | CT22: =IF(LEN(CU22)=0,"",LEN(CU22)) | CV22: =IF(LEN(CW22)=0,"",LEN(CW22)) | CX22: =IF(LEN(CY22)=0,"",LEN(CY22)) | CZ22: =IF(LEN(DA22)=0,"",LEN(DA22)) | DB22: =IF(LEN(DC22)=0,"",LEN(DC22)) | DD22: =IF(LEN(DE22)=0,"",LEN(DE22)) | DF22: =IF(LEN(DG22)=0,"",LEN(DG22)) | DH22: =IF(LEN(DI22)=0,"",LEN(DI22)) | DJ22: =IF(LEN(DK22)=0,"",LEN(DK22)) | DL22: =IF(LEN(DM22)=0,"",LEN(DM22)) | DN22: =IF(LEN(DO22)=0,"",LEN(DO22)) | DP22: =IF(LEN(DQ22)=0,"",LEN(DQ22))
A23: Headline 3 (30) | B23: =IF(LEN(C23)=0,"",LEN(C23)) -> 22 | C23: Fast Dispatch Plumbing | D23: =IF(LEN(E23)=0,"",LEN(E23)) -> 28 | E23: Clean Reliable Plumbing Care | F23: =IF(LEN(G23)=0,"",LEN(G23)) -> 30 | G23: Industrial Infrastructure Care | H23: =IF(LEN(I23)=0,"",LEN(I23)) -> 28 | I23: Non Destructive Pipe Tracing | J23: =IF(LEN(K23)=0,"",LEN(K23)) -> 25 | K23: Permanent Drain Clearance | L23: =IF(LEN(M23)=0,"",LEN(M23)) -> 27 | M23: Burst Geyser Emergency Care | N23: =IF(LEN(O23)=0,"",LEN(O23)) | P23: =IF(LEN(Q23)=0,"",LEN(Q23)) | R23: =IF(LEN(S23)=0,"",LEN(S23)) | T23: =IF(LEN(U23)=0,"",LEN(U23)) | V23: =IF(LEN(W23)=0,"",LEN(W23)) | X23: =IF(LEN(Y23)=0,"",LEN(Y23)) | Z23: =IF(LEN(AA23)=0,"",LEN(AA23)) | AB23: =IF(LEN(AC23)=0,"",LEN(AC23)) | AD23: =IF(LEN(AE23)=0,"",LEN(AE23)) | AF23: =IF(LEN(AG23)=0,"",LEN(AG23)) | AH23: =IF(LEN(AI23)=0,"",LEN(AI23)) | AJ23: =IF(LEN(AK23)=0,"",LEN(AK23)) | AL23: =IF(LEN(AM23)=0,"",LEN(AM23)) | AN23: =IF(LEN(AO23)=0,"",LEN(AO23)) | AP23: =IF(LEN(AQ23)=0,"",LEN(AQ23)) | AR23: =IF(LEN(AS23)=0,"",LEN(AS23)) | AT23: =IF(LEN(AU23)=0,"",LEN(AU23)) | AV23: =IF(LEN(AW23)=0,"",LEN(AW23)) | AX23: =IF(LEN(AY23)=0,"",LEN(AY23)) | AZ23: =IF(LEN(BA23)=0,"",LEN(BA23)) | BB23: =IF(LEN(BC23)=0,"",LEN(BC23)) | BD23: =IF(LEN(BE23)=0,"",LEN(BE23)) | BF23: =IF(LEN(BG23)=0,"",LEN(BG23)) | BH23: =IF(LEN(BI23)=0,"",LEN(BI23)) | BJ23: =IF(LEN(BK23)=0,"",LEN(BK23)) | BL23: =IF(LEN(BM23)=0,"",LEN(BM23)) | BN23: =IF(LEN(BO23)=0,"",LEN(BO23)) | BP23: =IF(LEN(BQ23)=0,"",LEN(BQ23)) | BR23: =IF(LEN(BS23)=0,"",LEN(BS23)) | BT23: =IF(LEN(BU23)=0,"",LEN(BU23)) | BV23: =IF(LEN(BW23)=0,"",LEN(BW23)) | BX23: =IF(LEN(BY23)=0,"",LEN(BY23)) | BZ23: =IF(LEN(CA23)=0,"",LEN(CA23)) | CB23: =IF(LEN(CC23)=0,"",LEN(CC23)) | CD23: =IF(LEN(CE23)=0,"",LEN(CE23)) | CF23: =IF(LEN(CG23)=0,"",LEN(CG23)) | CH23: =IF(LEN(CI23)=0,"",LEN(CI23)) | CJ23: =IF(LEN(CK23)=0,"",LEN(CK23)) | CL23: =IF(LEN(CM23)=0,"",LEN(CM23)) | CN23: =IF(LEN(CO23)=0,"",LEN(CO23)) | CP23: =IF(LEN(CQ23)=0,"",LEN(CQ23)) | CR23: =IF(LEN(CS23)=0,"",LEN(CS23)) | CT23: =IF(LEN(CU23)=0,"",LEN(CU23)) | CV23: =IF(LEN(CW23)=0,"",LEN(CW23)) | CX23: =IF(LEN(CY23)=0,"",LEN(CY23)) | CZ23: =IF(LEN(DA23)=0,"",LEN(DA23)) | DB23: =IF(LEN(DC23)=0,"",LEN(DC23)) | DD23: =IF(LEN(DE23)=0,"",LEN(DE23)) | DF23: =IF(LEN(DG23)=0,"",LEN(DG23)) | DH23: =IF(LEN(DI23)=0,"",LEN(DI23)) | DJ23: =IF(LEN(DK23)=0,"",LEN(DK23)) | DL23: =IF(LEN(DM23)=0,"",LEN(DM23)) | DN23: =IF(LEN(DO23)=0,"",LEN(DO23)) | DP23: =IF(LEN(DQ23)=0,"",LEN(DQ23))
A24: Headline 4 (30) | B24: =IF(LEN(C24)=0,"",LEN(C24)) -> 26 | C24: On Time Plumbing Guarantee | D24: =IF(LEN(E24)=0,"",LEN(E24)) -> 22 | E24: Home Plumbing Checkups | F24: =IF(LEN(G24)=0,"",LEN(G24)) -> 27 | G24: Preventative Plumbing Plans | H24: =IF(LEN(I24)=0,"",LEN(I24)) -> 27 | I24: Pinpoint Leak Locating Tech | J24: =IF(LEN(K24)=0,"",LEN(K24)) -> 27 | K24: Fix Recurring Blocked Pipes | L24: =IF(LEN(M24)=0,"",LEN(M24)) -> 25 | M24: SABS Approved Replacement | N24: =IF(LEN(O24)=0,"",LEN(O24)) | P24: =IF(LEN(Q24)=0,"",LEN(Q24)) | R24: =IF(LEN(S24)=0,"",LEN(S24)) | T24: =IF(LEN(U24)=0,"",LEN(U24)) | V24: =IF(LEN(W24)=0,"",LEN(W24)) | X24: =IF(LEN(Y24)=0,"",LEN(Y24)) | Z24: =IF(LEN(AA24)=0,"",LEN(AA24)) | AB24: =IF(LEN(AC24)=0,"",LEN(AC24)) | AD24: =IF(LEN(AE24)=0,"",LEN(AE24)) | AF24: =IF(LEN(AG24)=0,"",LEN(AG24)) | AH24: =IF(LEN(AI24)=0,"",LEN(AI24)) | AJ24: =IF(LEN(AK24)=0,"",LEN(AK24)) | AL24: =IF(LEN(AM24)=0,"",LEN(AM24)) | AN24: =IF(LEN(AO24)=0,"",LEN(AO24)) | AP24: =IF(LEN(AQ24)=0,"",LEN(AQ24)) | AR24: =IF(LEN(AS24)=0,"",LEN(AS24)) | AT24: =IF(LEN(AU24)=0,"",LEN(AU24)) | AV24: =IF(LEN(AW24)=0,"",LEN(AW24)) | AX24: =IF(LEN(AY24)=0,"",LEN(AY24)) | AZ24: =IF(LEN(BA24)=0,"",LEN(BA24)) | BB24: =IF(LEN(BC24)=0,"",LEN(BC24)) | BD24: =IF(LEN(BE24)=0,"",LEN(BE24)) | BF24: =IF(LEN(BG24)=0,"",LEN(BG24)) | BH24: =IF(LEN(BI24)=0,"",LEN(BI24)) | BJ24: =IF(LEN(BK24)=0,"",LEN(BK24)) | BL24: =IF(LEN(BM24)=0,"",LEN(BM24)) | BN24: =IF(LEN(BO24)=0,"",LEN(BO24)) | BP24: =IF(LEN(BQ24)=0,"",LEN(BQ24)) | BR24: =IF(LEN(BS24)=0,"",LEN(BS24)) | BT24: =IF(LEN(BU24)=0,"",LEN(BU24)) | BV24: =IF(LEN(BW24)=0,"",LEN(BW24)) | BX24: =IF(LEN(BY24)=0,"",LEN(BY24)) | BZ24: =IF(LEN(CA24)=0,"",LEN(CA24)) | CB24: =IF(LEN(CC24)=0,"",LEN(CC24)) | CD24: =IF(LEN(CE24)=0,"",LEN(CE24)) | CF24: =IF(LEN(CG24)=0,"",LEN(CG24)) | CH24: =IF(LEN(CI24)=0,"",LEN(CI24)) | CJ24: =IF(LEN(CK24)=0,"",LEN(CK24)) | CL24: =IF(LEN(CM24)=0,"",LEN(CM24)) | CN24: =IF(LEN(CO24)=0,"",LEN(CO24)) | CP24: =IF(LEN(CQ24)=0,"",LEN(CQ24)) | CR24: =IF(LEN(CS24)=0,"",LEN(CS24)) | CT24: =IF(LEN(CU24)=0,"",LEN(CU24)) | CV24: =IF(LEN(CW24)=0,"",LEN(CW24)) | CX24: =IF(LEN(CY24)=0,"",LEN(CY24)) | CZ24: =IF(LEN(DA24)=0,"",LEN(DA24)) | DB24: =IF(LEN(DC24)=0,"",LEN(DC24)) | DD24: =IF(LEN(DE24)=0,"",LEN(DE24)) | DF24: =IF(LEN(DG24)=0,"",LEN(DG24)) | DH24: =IF(LEN(DI24)=0,"",LEN(DI24)) | DJ24: =IF(LEN(DK24)=0,"",LEN(DK24)) | DL24: =IF(LEN(DM24)=0,"",LEN(DM24)) | DN24: =IF(LEN(DO24)=0,"",LEN(DO24)) | DP24: =IF(LEN(DQ24)=0,"",LEN(DQ24))
A25: Headline 5 (30) | B25: =IF(LEN(C25)=0,"",LEN(C25)) -> 25 | C25: Fix Your Burst Pipe Today | D25: =IF(LEN(E25)=0,"",LEN(E25)) -> 23 | E25: Fix Leaky Shower Valves | F25: =IF(LEN(G25)=0,"",LEN(G25)) -> 28 | G25: Commercial Compliance Audits | H25: =IF(LEN(I25)=0,"",LEN(I25)) -> 26 | I25: Thermal Leak Imaging Scans | J25: =IF(LEN(K25)=0,"",LEN(K25)) -> 27 | K25: Odour Removal Plumbing Care | L25: =IF(LEN(M25)=0,"",LEN(M25)) -> 28 | M25: Geyser Pressure Valve Tuning | N25: =IF(LEN(O25)=0,"",LEN(O25)) | P25: =IF(LEN(Q25)=0,"",LEN(Q25)) | R25: =IF(LEN(S25)=0,"",LEN(S25)) | T25: =IF(LEN(U25)=0,"",LEN(U25)) | V25: =IF(LEN(W25)=0,"",LEN(W25)) | X25: =IF(LEN(Y25)=0,"",LEN(Y25)) | Z25: =IF(LEN(AA25)=0,"",LEN(AA25)) | AB25: =IF(LEN(AC25)=0,"",LEN(AC25)) | AD25: =IF(LEN(AE25)=0,"",LEN(AE25)) | AF25: =IF(LEN(AG25)=0,"",LEN(AG25)) | AH25: =IF(LEN(AI25)=0,"",LEN(AI25)) | AJ25: =IF(LEN(AK25)=0,"",LEN(AK25)) | AL25: =IF(LEN(AM25)=0,"",LEN(AM25)) | AN25: =IF(LEN(AO25)=0,"",LEN(AO25)) | AP25: =IF(LEN(AQ25)=0,"",LEN(AQ25)) | AR25: =IF(LEN(AS25)=0,"",LEN(AS25)) | AT25: =IF(LEN(AU25)=0,"",LEN(AU25)) | AV25: =IF(LEN(AW25)=0,"",LEN(AW25)) | AX25: =IF(LEN(AY25)=0,"",LEN(AY25)) | AZ25: =IF(LEN(BA25)=0,"",LEN(BA25)) | BB25: =IF(LEN(BC25)=0,"",LEN(BC25)) | BD25: =IF(LEN(BE25)=0,"",LEN(BE25)) | BF25: =IF(LEN(BG25)=0,"",LEN(BG25)) | BH25: =IF(LEN(BI25)=0,"",LEN(BI25)) | BJ25: =IF(LEN(BK25)=0,"",LEN(BK25)) | BL25: =IF(LEN(BM25)=0,"",LEN(BM25)) | BN25: =IF(LEN(BO25)=0,"",LEN(BO25)) | BP25: =IF(LEN(BQ25)=0,"",LEN(BQ25)) | BR25: =IF(LEN(BS25)=0,"",LEN(BS25)) | BT25: =IF(LEN(BU25)=0,"",LEN(BU25)) | BV25: =IF(LEN(BW25)=0,"",LEN(BW25)) | BX25: =IF(LEN(BY25)=0,"",LEN(BY25)) | BZ25: =IF(LEN(CA25)=0,"",LEN(CA25)) | CB25: =IF(LEN(CC25)=0,"",LEN(CC25)) | CD25: =IF(LEN(CE25)=0,"",LEN(CE25)) | CF25: =IF(LEN(CG25)=0,"",LEN(CG25)) | CH25: =IF(LEN(CI25)=0,"",LEN(CI25)) | CJ25: =IF(LEN(CK25)=0,"",LEN(CK25)) | CL25: =IF(LEN(CM25)=0,"",LEN(CM25)) | CN25: =IF(LEN(CO25)=0,"",LEN(CO25)) | CP25: =IF(LEN(CQ25)=0,"",LEN(CQ25)) | CR25: =IF(LEN(CS25)=0,"",LEN(CS25)) | CT25: =IF(LEN(CU25)=0,"",LEN(CU25)) | CV25: =IF(LEN(CW25)=0,"",LEN(CW25)) | CX25: =IF(LEN(CY25)=0,"",LEN(CY25)) | CZ25: =IF(LEN(DA25)=0,"",LEN(DA25)) | DB25: =IF(LEN(DC25)=0,"",LEN(DC25)) | DD25: =IF(LEN(DE25)=0,"",LEN(DE25)) | DF25: =IF(LEN(DG25)=0,"",LEN(DG25)) | DH25: =IF(LEN(DI25)=0,"",LEN(DI25)) | DJ25: =IF(LEN(DK25)=0,"",LEN(DK25)) | DL25: =IF(LEN(DM25)=0,"",LEN(DM25)) | DN25: =IF(LEN(DO25)=0,"",LEN(DO25)) | DP25: =IF(LEN(DQ25)=0,"",LEN(DQ25))
A26: Headline 6 (30) | B26: =IF(LEN(C26)=0,"",LEN(C26)) -> 26 | C26: Trusted Overnight Plumbers | D26: =IF(LEN(E26)=0,"",LEN(E26)) -> 25 | E26: Local Maintenance Experts | F26: =IF(LEN(G26)=0,"",LEN(G26)) -> 25 | G26: Large Scale Plumbing Work | H26: =IF(LEN(I26)=0,"",LEN(I26)) -> 21 | I26: Trace Damp Walls Fast | J26: =IF(LEN(K26)=0,"",LEN(K26)) -> 28 | K26: Root Invasion Drain Cleaning | L26: =IF(LEN(M26)=0,"",LEN(M26)) -> 29 | M26: Safe Electrical Component Fix | N26: =IF(LEN(O26)=0,"",LEN(O26)) | P26: =IF(LEN(Q26)=0,"",LEN(Q26)) | R26: =IF(LEN(S26)=0,"",LEN(S26)) | T26: =IF(LEN(U26)=0,"",LEN(U26)) | V26: =IF(LEN(W26)=0,"",LEN(W26)) | X26: =IF(LEN(Y26)=0,"",LEN(Y26)) | Z26: =IF(LEN(AA26)=0,"",LEN(AA26)) | AB26: =IF(LEN(AC26)=0,"",LEN(AC26)) | AD26: =IF(LEN(AE26)=0,"",LEN(AE26)) | AF26: =IF(LEN(AG26)=0,"",LEN(AG26)) | AH26: =IF(LEN(AI26)=0,"",LEN(AI26)) | AJ26: =IF(LEN(AK26)=0,"",LEN(AK26)) | AL26: =IF(LEN(AM26)=0,"",LEN(AM26)) | AN26: =IF(LEN(AO26)=0,"",LEN(AO26)) | AP26: =IF(LEN(AQ26)=0,"",LEN(AQ26)) | AR26: =IF(LEN(AS26)=0,"",LEN(AS26)) | AT26: =IF(LEN(AU26)=0,"",LEN(AU26)) | AV26: =IF(LEN(AW26)=0,"",LEN(AW26)) | AX26: =IF(LEN(AY26)=0,"",LEN(AY26)) | AZ26: =IF(LEN(BA26)=0,"",LEN(BA26)) | BB26: =IF(LEN(BC26)=0,"",LEN(BC26)) | BD26: =IF(LEN(BE26)=0,"",LEN(BE26)) | BF26: =IF(LEN(BG26)=0,"",LEN(BG26)) | BH26: =IF(LEN(BI26)=0,"",LEN(BI26)) | BJ26: =IF(LEN(BK26)=0,"",LEN(BK26)) | BL26: =IF(LEN(BM26)=0,"",LEN(BM26)) | BN26: =IF(LEN(BO26)=0,"",LEN(BO26)) | BP26: =IF(LEN(BQ26)=0,"",LEN(BQ26)) | BR26: =IF(LEN(BS26)=0,"",LEN(BS26)) | BT26: =IF(LEN(BU26)=0,"",LEN(BU26)) | BV26: =IF(LEN(BW26)=0,"",LEN(BW26)) | BX26: =IF(LEN(BY26)=0,"",LEN(BY26)) | BZ26: =IF(LEN(CA26)=0,"",LEN(CA26)) | CB26: =IF(LEN(CC26)=0,"",LEN(CC26)) | CD26: =IF(LEN(CE26)=0,"",LEN(CE26)) | CF26: =IF(LEN(CG26)=0,"",LEN(CG26)) | CH26: =IF(LEN(CI26)=0,"",LEN(CI26)) | CJ26: =IF(LEN(CK26)=0,"",LEN(CK26)) | CL26: =IF(LEN(CM26)=0,"",LEN(CM26)) | CN26: =IF(LEN(CO26)=0,"",LEN(CO26)) | CP26: =IF(LEN(CQ26)=0,"",LEN(CQ26)) | CR26: =IF(LEN(CS26)=0,"",LEN(CS26)) | CT26: =IF(LEN(CU26)=0,"",LEN(CU26)) | CV26: =IF(LEN(CW26)=0,"",LEN(CW26)) | CX26: =IF(LEN(CY26)=0,"",LEN(CY26)) | CZ26: =IF(LEN(DA26)=0,"",LEN(DA26)) | DB26: =IF(LEN(DC26)=0,"",LEN(DC26)) | DD26: =IF(LEN(DE26)=0,"",LEN(DE26)) | DF26: =IF(LEN(DG26)=0,"",LEN(DG26)) | DH26: =IF(LEN(DI26)=0,"",LEN(DI26)) | DJ26: =IF(LEN(DK26)=0,"",LEN(DK26)) | DL26: =IF(LEN(DM26)=0,"",LEN(DM26)) | DN26: =IF(LEN(DO26)=0,"",LEN(DO26)) | DP26: =IF(LEN(DQ26)=0,"",LEN(DQ26))
A27: Headline 7 (30) | B27: =IF(LEN(C27)=0,"",LEN(C27)) -> 25 | C27: Stop The Leak Immediately | D27: =IF(LEN(E27)=0,"",LEN(E27)) -> 27 | E27: Guaranteed Workmanship Care | F27: =IF(LEN(G27)=0,"",LEN(G27)) -> 28 | G27: Reliable B2B Contractor Care | H27: =IF(LEN(I27)=0,"",LEN(I27)) -> 30 | I27: Official Leak Auditing Reports | J27: =IF(LEN(K27)=0,"",LEN(K27)) -> 27 | K27: Professional Drainage Squad | L27: =IF(LEN(M27)=0,"",LEN(M27)) -> 27 | M27: Energy Saving Solar Geysers | N27: =IF(LEN(O27)=0,"",LEN(O27)) | P27: =IF(LEN(Q27)=0,"",LEN(Q27)) | R27: =IF(LEN(S27)=0,"",LEN(S27)) | T27: =IF(LEN(U27)=0,"",LEN(U27)) | V27: =IF(LEN(W27)=0,"",LEN(W27)) | X27: =IF(LEN(Y27)=0,"",LEN(Y27)) | Z27: =IF(LEN(AA27)=0,"",LEN(AA27)) | AB27: =IF(LEN(AC27)=0,"",LEN(AC27)) | AD27: =IF(LEN(AE27)=0,"",LEN(AE27)) | AF27: =IF(LEN(AG27)=0,"",LEN(AG27)) | AH27: =IF(LEN(AI27)=0,"",LEN(AI27)) | AJ27: =IF(LEN(AK27)=0,"",LEN(AK27)) | AL27: =IF(LEN(AM27)=0,"",LEN(AM27)) | AN27: =IF(LEN(AO27)=0,"",LEN(AO27)) | AP27: =IF(LEN(AQ27)=0,"",LEN(AQ27)) | AR27: =IF(LEN(AS27)=0,"",LEN(AS27)) | AT27: =IF(LEN(AU27)=0,"",LEN(AU27)) | AV27: =IF(LEN(AW27)=0,"",LEN(AW27)) | AX27: =IF(LEN(AY27)=0,"",LEN(AY27)) | AZ27: =IF(LEN(BA27)=0,"",LEN(BA27)) | BB27: =IF(LEN(BC27)=0,"",LEN(BC27)) | BD27: =IF(LEN(BE27)=0,"",LEN(BE27)) | BF27: =IF(LEN(BG27)=0,"",LEN(BG27)) | BH27: =IF(LEN(BI27)=0,"",LEN(BI27)) | BJ27: =IF(LEN(BK27)=0,"",LEN(BK27)) | BL27: =IF(LEN(BM27)=0,"",LEN(BM27)) | BN27: =IF(LEN(BO27)=0,"",LEN(BO27)) | BP27: =IF(LEN(BQ27)=0,"",LEN(BQ27)) | BR27: =IF(LEN(BS27)=0,"",LEN(BS27)) | BT27: =IF(LEN(BU27)=0,"",LEN(BU27)) | BV27: =IF(LEN(BW27)=0,"",LEN(BW27)) | BX27: =IF(LEN(BY27)=0,"",LEN(BY27)) | BZ27: =IF(LEN(CA27)=0,"",LEN(CA27)) | CB27: =IF(LEN(CC27)=0,"",LEN(CC27)) | CD27: =IF(LEN(CE27)=0,"",LEN(CE27)) | CF27: =IF(LEN(CG27)=0,"",LEN(CG27)) | CH27: =IF(LEN(CI27)=0,"",LEN(CI27)) | CJ27: =IF(LEN(CK27)=0,"",LEN(CK27)) | CL27: =IF(LEN(CM27)=0,"",LEN(CM27)) | CN27: =IF(LEN(CO27)=0,"",LEN(CO27)) | CP27: =IF(LEN(CQ27)=0,"",LEN(CQ27)) | CR27: =IF(LEN(CS27)=0,"",LEN(CS27)) | CT27: =IF(LEN(CU27)=0,"",LEN(CU27)) | CV27: =IF(LEN(CW27)=0,"",LEN(CW27)) | CX27: =IF(LEN(CY27)=0,"",LEN(CY27)) | CZ27: =IF(LEN(DA27)=0,"",LEN(DA27)) | DB27: =IF(LEN(DC27)=0,"",LEN(DC27)) | DD27: =IF(LEN(DE27)=0,"",LEN(DE27)) | DF27: =IF(LEN(DG27)=0,"",LEN(DG27)) | DH27: =IF(LEN(DI27)=0,"",LEN(DI27)) | DJ27: =IF(LEN(DK27)=0,"",LEN(DK27)) | DL27: =IF(LEN(DM27)=0,"",LEN(DM27)) | DN27: =IF(LEN(DO27)=0,"",LEN(DO27)) | DP27: =IF(LEN(DQ27)=0,"",LEN(DQ27))
A28: Headline 8 (30) | B28: =IF(LEN(C28)=0,"",LEN(C28)) -> 28 | C28: 24/7 Priority Emergency Call | D28: =IF(LEN(E28)=0,"",LEN(E28)) -> 27 | E28: Renovation Plumbing Updates | F28: =IF(LEN(G28)=0,"",LEN(G28)) -> 27 | G28: 24/7 Office Support Systems | H28: =IF(LEN(I28)=0,"",LEN(I28)) -> 24 | I28: Stop Wasting Fresh Water | J28: =IF(LEN(K28)=0,"",LEN(K28)) -> 26 | K28: Clear Main Lines Instantly | L28: =IF(LEN(M28)=0,"",LEN(M28)) -> 26 | M28: Hot Water Guaranteed Today | N28: =IF(LEN(O28)=0,"",LEN(O28)) | P28: =IF(LEN(Q28)=0,"",LEN(Q28)) | R28: =IF(LEN(S28)=0,"",LEN(S28)) | T28: =IF(LEN(U28)=0,"",LEN(U28)) | V28: =IF(LEN(W28)=0,"",LEN(W28)) | X28: =IF(LEN(Y28)=0,"",LEN(Y28)) | Z28: =IF(LEN(AA28)=0,"",LEN(AA28)) | AB28: =IF(LEN(AC28)=0,"",LEN(AC28)) | AD28: =IF(LEN(AE28)=0,"",LEN(AE28)) | AF28: =IF(LEN(AG28)=0,"",LEN(AG28)) | AH28: =IF(LEN(AI28)=0,"",LEN(AI28)) | AJ28: =IF(LEN(AK28)=0,"",LEN(AK28)) | AL28: =IF(LEN(AM28)=0,"",LEN(AM28)) | AN28: =IF(LEN(AO28)=0,"",LEN(AO28)) | AP28: =IF(LEN(AQ28)=0,"",LEN(AQ28)) | AR28: =IF(LEN(AS28)=0,"",LEN(AS28)) | AT28: =IF(LEN(AU28)=0,"",LEN(AU28)) | AV28: =IF(LEN(AW28)=0,"",LEN(AW28)) | AX28: =IF(LEN(AY28)=0,"",LEN(AY28)) | AZ28: =IF(LEN(BA28)=0,"",LEN(BA28)) | BB28: =IF(LEN(BC28)=0,"",LEN(BC28)) | BD28: =IF(LEN(BE28)=0,"",LEN(BE28)) | BF28: =IF(LEN(BG28)=0,"",LEN(BG28)) | BH28: =IF(LEN(BI28)=0,"",LEN(BI28)) | BJ28: =IF(LEN(BK28)=0,"",LEN(BK28)) | BL28: =IF(LEN(BM28)=0,"",LEN(BM28)) | BN28: =IF(LEN(BO28)=0,"",LEN(BO28)) | BP28: =IF(LEN(BQ28)=0,"",LEN(BQ28)) | BR28: =IF(LEN(BS28)=0,"",LEN(BS28)) | BT28: =IF(LEN(BU28)=0,"",LEN(BU28)) | BV28: =IF(LEN(BW28)=0,"",LEN(BW28)) | BX28: =IF(LEN(BY28)=0,"",LEN(BY28)) | BZ28: =IF(LEN(CA28)=0,"",LEN(CA28)) | CB28: =IF(LEN(CC28)=0,"",LEN(CC28)) | CD28: =IF(LEN(CE28)=0,"",LEN(CE28)) | CF28: =IF(LEN(CG28)=0,"",LEN(CG28)) | CH28: =IF(LEN(CI28)=0,"",LEN(CI28)) | CJ28: =IF(LEN(CK28)=0,"",LEN(CK28)) | CL28: =IF(LEN(CM28)=0,"",LEN(CM28)) | CN28: =IF(LEN(CO28)=0,"",LEN(CO28)) | CP28: =IF(LEN(CQ28)=0,"",LEN(CQ28)) | CR28: =IF(LEN(CS28)=0,"",LEN(CS28)) | CT28: =IF(LEN(CU28)=0,"",LEN(CU28)) | CV28: =IF(LEN(CW28)=0,"",LEN(CW28)) | CX28: =IF(LEN(CY28)=0,"",LEN(CY28)) | CZ28: =IF(LEN(DA28)=0,"",LEN(DA28)) | DB28: =IF(LEN(DC28)=0,"",LEN(DC28)) | DD28: =IF(LEN(DE28)=0,"",LEN(DE28)) | DF28: =IF(LEN(DG28)=0,"",LEN(DG28)) | DH28: =IF(LEN(DI28)=0,"",LEN(DI28)) | DJ28: =IF(LEN(DK28)=0,"",LEN(DK28)) | DL28: =IF(LEN(DM28)=0,"",LEN(DM28)) | DN28: =IF(LEN(DO28)=0,"",LEN(DO28)) | DP28: =IF(LEN(DQ28)=0,"",LEN(DQ28))
A29: Headline 9 (30) | B29: =IF(LEN(C29)=0,"",LEN(C29)) -> 28 | C29: Professional Disaster Repair | D29: =IF(LEN(E29)=0,"",LEN(E29)) -> 27 | E29: Highly Recommended Plumbers | F29: =IF(LEN(G29)=0,"",LEN(G29)) -> 27 | G29: Compliant Health and Safety | H29: =IF(LEN(I29)=0,"",LEN(I29)) -> 27 | I29: Advanced Tracer Gas Testing | J29: =IF(LEN(K29)=0,"",LEN(K29)) -> 28 | K29: Say Goodbye To Clogged Sinks | L29: =IF(LEN(M29)=0,"",LEN(M29)) -> 29 | M29: Local Geyser Overhaul Experts | N29: =IF(LEN(O29)=0,"",LEN(O29)) | P29: =IF(LEN(Q29)=0,"",LEN(Q29)) | R29: =IF(LEN(S29)=0,"",LEN(S29)) | T29: =IF(LEN(U29)=0,"",LEN(U29)) | V29: =IF(LEN(W29)=0,"",LEN(W29)) | X29: =IF(LEN(Y29)=0,"",LEN(Y29)) | Z29: =IF(LEN(AA29)=0,"",LEN(AA29)) | AB29: =IF(LEN(AC29)=0,"",LEN(AC29)) | AD29: =IF(LEN(AE29)=0,"",LEN(AE29)) | AF29: =IF(LEN(AG29)=0,"",LEN(AG29)) | AH29: =IF(LEN(AI29)=0,"",LEN(AI29)) | AJ29: =IF(LEN(AK29)=0,"",LEN(AK29)) | AL29: =IF(LEN(AM29)=0,"",LEN(AM29)) | AN29: =IF(LEN(AO29)=0,"",LEN(AO29)) | AP29: =IF(LEN(AQ29)=0,"",LEN(AQ29)) | AR29: =IF(LEN(AS29)=0,"",LEN(AS29)) | AT29: =IF(LEN(AU29)=0,"",LEN(AU29)) | AV29: =IF(LEN(AW29)=0,"",LEN(AW29)) | AX29: =IF(LEN(AY29)=0,"",LEN(AY29)) | AZ29: =IF(LEN(BA29)=0,"",LEN(BA29)) | BB29: =IF(LEN(BC29)=0,"",LEN(BC29)) | BD29: =IF(LEN(BE29)=0,"",LEN(BE29)) | BF29: =IF(LEN(BG29)=0,"",LEN(BG29)) | BH29: =IF(LEN(BI29)=0,"",LEN(BI29)) | BJ29: =IF(LEN(BK29)=0,"",LEN(BK29)) | BL29: =IF(LEN(BM29)=0,"",LEN(BM29)) | BN29: =IF(LEN(BO29)=0,"",LEN(BO29)) | BP29: =IF(LEN(BQ29)=0,"",LEN(BQ29)) | BR29: =IF(LEN(BS29)=0,"",LEN(BS29)) | BT29: =IF(LEN(BU29)=0,"",LEN(BU29)) | BV29: =IF(LEN(BW29)=0,"",LEN(BW29)) | BX29: =IF(LEN(BY29)=0,"",LEN(BY29)) | BZ29: =IF(LEN(CA29)=0,"",LEN(CA29)) | CB29: =IF(LEN(CC29)=0,"",LEN(CC29)) | CD29: =IF(LEN(CE29)=0,"",LEN(CE29)) | CF29: =IF(LEN(CG29)=0,"",LEN(CG29)) | CH29: =IF(LEN(CI29)=0,"",LEN(CI29)) | CJ29: =IF(LEN(CK29)=0,"",LEN(CK29)) | CL29: =IF(LEN(CM29)=0,"",LEN(CM29)) | CN29: =IF(LEN(CO29)=0,"",LEN(CO29)) | CP29: =IF(LEN(CQ29)=0,"",LEN(CQ29)) | CR29: =IF(LEN(CS29)=0,"",LEN(CS29)) | CT29: =IF(LEN(CU29)=0,"",LEN(CU29)) | CV29: =IF(LEN(CW29)=0,"",LEN(CW29)) | CX29: =IF(LEN(CY29)=0,"",LEN(CY29)) | CZ29: =IF(LEN(DA29)=0,"",LEN(DA29)) | DB29: =IF(LEN(DC29)=0,"",LEN(DC29)) | DD29: =IF(LEN(DE29)=0,"",LEN(DE29)) | DF29: =IF(LEN(DG29)=0,"",LEN(DG29)) | DH29: =IF(LEN(DI29)=0,"",LEN(DI29)) | DJ29: =IF(LEN(DK29)=0,"",LEN(DK29)) | DL29: =IF(LEN(DM29)=0,"",LEN(DM29)) | DN29: =IF(LEN(DO29)=0,"",LEN(DO29)) | DP29: =IF(LEN(DQ29)=0,"",LEN(DQ29))
A30: Headline 10 (30) | B30: =IF(LEN(C30)=0,"",LEN(C30)) -> 28 | C30: Johannesburg Emergency Squad | D30: =IF(LEN(E30)=0,"",LEN(E30)) -> 27 | E30: Book A Reliable Appointment | F30: =IF(LEN(G30)=0,"",LEN(G30)) -> 27 | G30: Commercial Asset Protection | H30: =IF(LEN(I30)=0,"",LEN(I30)) -> 26 | I30: Find Hidden Plumbing Leaks | J30: =IF(LEN(K30)=0,"",LEN(K30)) -> 24 | K30: Heavy Duty Pipe Scouring | L30: =IF(LEN(M30)=0,"",LEN(M30)) -> 27 | M30: Upgrade Your Hot Water Tank | N30: =IF(LEN(O30)=0,"",LEN(O30)) | P30: =IF(LEN(Q30)=0,"",LEN(Q30)) | R30: =IF(LEN(S30)=0,"",LEN(S30)) | T30: =IF(LEN(U30)=0,"",LEN(U30)) | V30: =IF(LEN(W30)=0,"",LEN(W30)) | X30: =IF(LEN(Y30)=0,"",LEN(Y30)) | Z30: =IF(LEN(AA30)=0,"",LEN(AA30)) | AB30: =IF(LEN(AC30)=0,"",LEN(AC30)) | AD30: =IF(LEN(AE30)=0,"",LEN(AE30)) | AF30: =IF(LEN(AG30)=0,"",LEN(AG30)) | AH30: =IF(LEN(AI30)=0,"",LEN(AI30)) | AJ30: =IF(LEN(AK30)=0,"",LEN(AK30)) | AL30: =IF(LEN(AM30)=0,"",LEN(AM30)) | AN30: =IF(LEN(AO30)=0,"",LEN(AO30)) | AP30: =IF(LEN(AQ30)=0,"",LEN(AQ30)) | AR30: =IF(LEN(AS30)=0,"",LEN(AS30)) | AT30: =IF(LEN(AU30)=0,"",LEN(AU30)) | AV30: =IF(LEN(AW30)=0,"",LEN(AW30)) | AX30: =IF(LEN(AY30)=0,"",LEN(AY30)) | AZ30: =IF(LEN(BA30)=0,"",LEN(BA30)) | BB30: =IF(LEN(BC30)=0,"",LEN(BC30)) | BD30: =IF(LEN(BE30)=0,"",LEN(BE30)) | BF30: =IF(LEN(BG30)=0,"",LEN(BG30)) | BH30: =IF(LEN(BI30)=0,"",LEN(BI30)) | BJ30: =IF(LEN(BK30)=0,"",LEN(BK30)) | BL30: =IF(LEN(BM30)=0,"",LEN(BM30)) | BN30: =IF(LEN(BO30)=0,"",LEN(BO30)) | BP30: =IF(LEN(BQ30)=0,"",LEN(BQ30)) | BR30: =IF(LEN(BS30)=0,"",LEN(BS30)) | BT30: =IF(LEN(BU30)=0,"",LEN(BU30)) | BV30: =IF(LEN(BW30)=0,"",LEN(BW30)) | BX30: =IF(LEN(BY30)=0,"",LEN(BY30)) | BZ30: =IF(LEN(CA30)=0,"",LEN(CA30)) | CB30: =IF(LEN(CC30)=0,"",LEN(CC30)) | CD30: =IF(LEN(CE30)=0,"",LEN(CE30)) | CF30: =IF(LEN(CG30)=0,"",LEN(CG30)) | CH30: =IF(LEN(CI30)=0,"",LEN(CI30)) | CJ30: =IF(LEN(CK30)=0,"",LEN(CK30)) | CL30: =IF(LEN(CM30)=0,"",LEN(CM30)) | CN30: =IF(LEN(CO30)=0,"",LEN(CO30)) | CP30: =IF(LEN(CQ30)=0,"",LEN(CQ30)) | CR30: =IF(LEN(CS30)=0,"",LEN(CS30)) | CT30: =IF(LEN(CU30)=0,"",LEN(CU30)) | CV30: =IF(LEN(CW30)=0,"",LEN(CW30)) | CX30: =IF(LEN(CY30)=0,"",LEN(CY30)) | CZ30: =IF(LEN(DA30)=0,"",LEN(DA30)) | DB30: =IF(LEN(DC30)=0,"",LEN(DC30)) | DD30: =IF(LEN(DE30)=0,"",LEN(DE30)) | DF30: =IF(LEN(DG30)=0,"",LEN(DG30)) | DH30: =IF(LEN(DI30)=0,"",LEN(DI30)) | DJ30: =IF(LEN(DK30)=0,"",LEN(DK30)) | DL30: =IF(LEN(DM30)=0,"",LEN(DM30)) | DN30: =IF(LEN(DO30)=0,"",LEN(DO30)) | DP30: =IF(LEN(DQ30)=0,"",LEN(DQ30))
A31: Description 1 (90) | B31: =IF(LEN(C31)=0,"",LEN(C31)) -> 87 | C31: Transparent Fixed Pricing With Zero Shocking Hidden Fees For Late Night Plumbing Calls. | D31: =IF(LEN(E31)=0,"",LEN(E31)) -> 90 | E31: We Pride Ourselves On Leaving Your Family Home Impeccably Clean After Every Single Repair. | F31: =IF(LEN(G31)=0,"",LEN(G31)) -> 84 | G31: Tailored Industrial Service Level Agreements Designed For Demanding Commercial Hubs. | H31: =IF(LEN(I31)=0,"",LEN(I31)) -> 82 | I31: We Utilize State Of The Art Thermal Camera Scans To See Through Solid Brick Walls. | J31: =IF(LEN(K31)=0,"",LEN(K31)) -> 85 | K31: We Insert Digital Inspection Cameras Directly Into Pipes To Locate Hidden Tree Roots. | L31: =IF(LEN(M31)=0,"",LEN(M31)) -> 89 | M31: Every Single New Water Heater Installation Comes With An Official Compliance Certificate. | N31: =IF(LEN(O31)=0,"",LEN(O31)) | P31: =IF(LEN(Q31)=0,"",LEN(Q31)) | R31: =IF(LEN(S31)=0,"",LEN(S31)) | T31: =IF(LEN(U31)=0,"",LEN(U31)) | V31: =IF(LEN(W31)=0,"",LEN(W31)) | X31: =IF(LEN(Y31)=0,"",LEN(Y31)) | Z31: =IF(LEN(AA31)=0,"",LEN(AA31)) | AB31: =IF(LEN(AC31)=0,"",LEN(AC31)) | AD31: =IF(LEN(AE31)=0,"",LEN(AE31)) | AF31: =IF(LEN(AG31)=0,"",LEN(AG31)) | AH31: =IF(LEN(AI31)=0,"",LEN(AI31)) | AJ31: =IF(LEN(AK31)=0,"",LEN(AK31)) | AL31: =IF(LEN(AM31)=0,"",LEN(AM31)) | AN31: =IF(LEN(AO31)=0,"",LEN(AO31)) | AP31: =IF(LEN(AQ31)=0,"",LEN(AQ31)) | AR31: =IF(LEN(AS31)=0,"",LEN(AS31)) | AT31: =IF(LEN(AU31)=0,"",LEN(AU31)) | AV31: =IF(LEN(AW31)=0,"",LEN(AW31)) | AX31: =IF(LEN(AY31)=0,"",LEN(AY31)) | AZ31: =IF(LEN(BA31)=0,"",LEN(BA31)) | BB31: =IF(LEN(BC31)=0,"",LEN(BC31)) | BD31: =IF(LEN(BE31)=0,"",LEN(BE31)) | BF31: =IF(LEN(BG31)=0,"",LEN(BG31)) | BH31: =IF(LEN(BI31)=0,"",LEN(BI31)) | BJ31: =IF(LEN(BK31)=0,"",LEN(BK31)) | BL31: =IF(LEN(BM31)=0,"",LEN(BM31)) | BN31: =IF(LEN(BO31)=0,"",LEN(BO31)) | BP31: =IF(LEN(BQ31)=0,"",LEN(BQ31)) | BR31: =IF(LEN(BS31)=0,"",LEN(BS31)) | BT31: =IF(LEN(BU31)=0,"",LEN(BU31)) | BV31: =IF(LEN(BW31)=0,"",LEN(BW31)) | BX31: =IF(LEN(BY31)=0,"",LEN(BY31)) | BZ31: =IF(LEN(CA31)=0,"",LEN(CA31)) | CB31: =IF(LEN(CC31)=0,"",LEN(CC31)) | CD31: =IF(LEN(CE31)=0,"",LEN(CE31)) | CF31: =IF(LEN(CG31)=0,"",LEN(CG31)) | CH31: =IF(LEN(CI31)=0,"",LEN(CI31)) | CJ31: =IF(LEN(CK31)=0,"",LEN(CK31)) | CL31: =IF(LEN(CM31)=0,"",LEN(CM31)) | CN31: =IF(LEN(CO31)=0,"",LEN(CO31)) | CP31: =IF(LEN(CQ31)=0,"",LEN(CQ31)) | CR31: =IF(LEN(CS31)=0,"",LEN(CS31)) | CT31: =IF(LEN(CU31)=0,"",LEN(CU31)) | CV31: =IF(LEN(CW31)=0,"",LEN(CW31)) | CX31: =IF(LEN(CY31)=0,"",LEN(CY31)) | CZ31: =IF(LEN(DA31)=0,"",LEN(DA31)) | DB31: =IF(LEN(DC31)=0,"",LEN(DC31)) | DD31: =IF(LEN(DE31)=0,"",LEN(DE31)) | DF31: =IF(LEN(DG31)=0,"",LEN(DG31)) | DH31: =IF(LEN(DI31)=0,"",LEN(DI31)) | DJ31: =IF(LEN(DK31)=0,"",LEN(DK31)) | DL31: =IF(LEN(DM31)=0,"",LEN(DM31)) | DN31: =IF(LEN(DO31)=0,"",LEN(DO31)) | DP31: =IF(LEN(DQ31)=0,"",LEN(DQ31))
A32: Description 2 (90) | B32: =IF(LEN(C32)=0,"",LEN(C32)) -> 87 | C32: Your Call Dispatches A Fully Stocked Mobile Response Vehicle Directly To Your Doorstep. | D32: =IF(LEN(E32)=0,"",LEN(E32)) -> 84 | E32: Get Honest Upfront Quotes Before Any Physical Plumbing Work Begins On Your Property. | F32: =IF(LEN(G32)=0,"",LEN(G32)) -> 84 | G32: We Manage High Volume Office Infrastructure, Retail Malls, And Multi Unit Complexes. | H32: =IF(LEN(I32)=0,"",LEN(I32)) -> 90 | I32: Receive An Official Comprehensive Digital Leak Report Outlining Exactly Where Loss Occurs. | J32: =IF(LEN(K32)=0,"",LEN(K32)) -> 84 | K32: Blast Away Decades Of Hardened Grease Build Up Using Eco Friendly Hydro Jet Systems. | L32: =IF(LEN(M32)=0,"",LEN(M32)) -> 89 | M32: Ensure Your Household System Matches Strict Modern SABS Standards For Thermal Protection. | N32: =IF(LEN(O32)=0,"",LEN(O32)) | P32: =IF(LEN(Q32)=0,"",LEN(Q32)) | R32: =IF(LEN(S32)=0,"",LEN(S32)) | T32: =IF(LEN(U32)=0,"",LEN(U32)) | V32: =IF(LEN(W32)=0,"",LEN(W32)) | X32: =IF(LEN(Y32)=0,"",LEN(Y32)) | Z32: =IF(LEN(AA32)=0,"",LEN(AA32)) | AB32: =IF(LEN(AC32)=0,"",LEN(AC32)) | AD32: =IF(LEN(AE32)=0,"",LEN(AE32)) | AF32: =IF(LEN(AG32)=0,"",LEN(AG32)) | AH32: =IF(LEN(AI32)=0,"",LEN(AI32)) | AJ32: =IF(LEN(AK32)=0,"",LEN(AK32)) | AL32: =IF(LEN(AM32)=0,"",LEN(AM32)) | AN32: =IF(LEN(AO32)=0,"",LEN(AO32)) | AP32: =IF(LEN(AQ32)=0,"",LEN(AQ32)) | AR32: =IF(LEN(AS32)=0,"",LEN(AS32)) | AT32: =IF(LEN(AU32)=0,"",LEN(AU32)) | AV32: =IF(LEN(AW32)=0,"",LEN(AW32)) | AX32: =IF(LEN(AY32)=0,"",LEN(AY32)) | AZ32: =IF(LEN(BA32)=0,"",LEN(BA32)) | BB32: =IF(LEN(BC32)=0,"",LEN(BC32)) | BD32: =IF(LEN(BE32)=0,"",LEN(BE32)) | BF32: =IF(LEN(BG32)=0,"",LEN(BG32)) | BH32: =IF(LEN(BI32)=0,"",LEN(BI32)) | BJ32: =IF(LEN(BK32)=0,"",LEN(BK32)) | BL32: =IF(LEN(BM32)=0,"",LEN(BM32)) | BN32: =IF(LEN(BO32)=0,"",LEN(BO32)) | BP32: =IF(LEN(BQ32)=0,"",LEN(BQ32)) | BR32: =IF(LEN(BS32)=0,"",LEN(BS32)) | BT32: =IF(LEN(BU32)=0,"",LEN(BU32)) | BV32: =IF(LEN(BW32)=0,"",LEN(BW32)) | BX32: =IF(LEN(BY32)=0,"",LEN(BY32)) | BZ32: =IF(LEN(CA32)=0,"",LEN(CA32)) | CB32: =IF(LEN(CC32)=0,"",LEN(CC32)) | CD32: =IF(LEN(CE32)=0,"",LEN(CE32)) | CF32: =IF(LEN(CG32)=0,"",LEN(CG32)) | CH32: =IF(LEN(CI32)=0,"",LEN(CI32)) | CJ32: =IF(LEN(CK32)=0,"",LEN(CK32)) | CL32: =IF(LEN(CM32)=0,"",LEN(CM32)) | CN32: =IF(LEN(CO32)=0,"",LEN(CO32)) | CP32: =IF(LEN(CQ32)=0,"",LEN(CQ32)) | CR32: =IF(LEN(CS32)=0,"",LEN(CS32)) | CT32: =IF(LEN(CU32)=0,"",LEN(CU32)) | CV32: =IF(LEN(CW32)=0,"",LEN(CW32)) | CX32: =IF(LEN(CY32)=0,"",LEN(CY32)) | CZ32: =IF(LEN(DA32)=0,"",LEN(DA32)) | DB32: =IF(LEN(DC32)=0,"",LEN(DC32)) | DD32: =IF(LEN(DE32)=0,"",LEN(DE32)) | DF32: =IF(LEN(DG32)=0,"",LEN(DG32)) | DH32: =IF(LEN(DI32)=0,"",LEN(DI32)) | DJ32: =IF(LEN(DK32)=0,"",LEN(DK32)) | DL32: =IF(LEN(DM32)=0,"",LEN(DM32)) | DN32: =IF(LEN(DO32)=0,"",LEN(DO32)) | DP32: =IF(LEN(DQ32)=0,"",LEN(DQ32))
... A34: Description 4 (90) | B34: =IF(LEN(C34)=0,"",LEN(C34)) -> 85 | C34: We Arrive Quickly To Secure Your Property And Prevent Massive Expensive Water Damage. | D34: =IF(LEN(E34)=0,"",LEN(E34)) -> 89 | E34: Licensed Insured Professionals Dedicated To Helping Suburban Households Maintain Systems. | F34: =IF(LEN(G34)=0,"",LEN(G34)) -> 86 | G34: Highly Competent Technical Staff Ready To Fix Commercial Failures Without Disturbance. | H34: =IF(LEN(I34)=0,"",LEN(I34)) -> 87 | I34: Stop Paying Inflated Municipal Bills Caused By Invisible Active Infrastructure Failure. | J34: =IF(LEN(K34)=0,"",LEN(K34)) -> 86 | K34: Fast Friendly Clean Up Operations Accompany Every Single Drain Blast Service We Offer. | L34: =IF(LEN(M34)=0,"",LEN(M34)) -> 82 | M34: Get Immediate Financial Piece Of Mind With Complete Insurance Document Assistance. | N34: =IF(LEN(O34)=0,"",LEN(O34)) | P34: =IF(LEN(Q34)=0,"",LEN(Q34)) | R34: =IF(LEN(S34)=0,"",LEN(S34)) | T34: =IF(LEN(U34)=0,"",LEN(U34)) | V34: =IF(LEN(W34)=0,"",LEN(W34)) | X34: =IF(LEN(Y34)=0,"",LEN(Y34)) | Z34: =IF(LEN(AA34)=0,"",LEN(AA34)) | AB34: =IF(LEN(AC34)=0,"",LEN(AC34)) | AD34: =IF(LEN(AE34)=0,"",LEN(AE34)) | AF34: =IF(LEN(AG34)=0,"",LEN(AG34)) | AH34: =IF(LEN(AI34)=0,"",LEN(AI34)) | AJ34: =IF(LEN(AK34)=0,"",LEN(AK34)) | AL34: =IF(LEN(AM34)=0,"",LEN(AM34)) | AN34: =IF(LEN(AO34)=0,"",LEN(AO34)) | AP34: =IF(LEN(AQ34)=0,"",LEN(AQ34)) | AR34: =IF(LEN(AS34)=0,"",LEN(AS34)) | AT34: =IF(LEN(AU34)=0,"",LEN(AU34)) | AV34: =IF(LEN(AW34)=0,"",LEN(AW34)) | AX34: =IF(LEN(AY34)=0,"",LEN(AY34)) | AZ34: =IF(LEN(BA34)=0,"",LEN(BA34)) | BB34: =IF(LEN(BC34)=0,"",LEN(BC34)) | BD34: =IF(LEN(BE34)=0,"",LEN(BE34)) | BF34: =IF(LEN(BG34)=0,"",LEN(BG34)) | BH34: =IF(LEN(BI34)=0,"",LEN(BI34)) | BJ34: =IF(LEN(BK34)=0,"",LEN(BK34)) | BL34: =IF(LEN(BM34)=0,"",LEN(BM34)) | BN34: =IF(LEN(BO34)=0,"",LEN(BO34)) | BP34: =IF(LEN(BQ34)=0,"",LEN(BQ34)) | BR34: =IF(LEN(BS34)=0,"",LEN(BS34)) | BT34: =IF(LEN(BU34)=0,"",LEN(BU34)) | BV34: =IF(LEN(BW34)=0,"",LEN(BW34)) | BX34: =IF(LEN(BY34)=0,"",LEN(BY34)) | BZ34: =IF(LEN(CA34)=0,"",LEN(CA34)) | CB34: =IF(LEN(CC34)=0,"",LEN(CC34)) | CD34: =IF(LEN(CE34)=0,"",LEN(CE34)) | CF34: =IF(LEN(CG34)=0,"",LEN(CG34)) | CH34: =IF(LEN(CI34)=0,"",LEN(CI34)) | CJ34: =IF(LEN(CK34)=0,"",LEN(CK34)) | CL34: =IF(LEN(CM34)=0,"",LEN(CM34)) | CN34: =IF(LEN(CO34)=0,"",LEN(CO34)) | CP34: =IF(LEN(CQ34)=0,"",LEN(CQ34)) | CR34: =IF(LEN(CS34)=0,"",LEN(CS34)) | CT34: =IF(LEN(CU34)=0,"",LEN(CU34)) | CV34: =IF(LEN(CW34)=0,"",LEN(CW34)) | CX34: =IF(LEN(CY34)=0,"",LEN(CY34)) | CZ34: =IF(LEN(DA34)=0,"",LEN(DA34)) | DB34: =IF(LEN(DC34)=0,"",LEN(DC34)) | DD34: =IF(LEN(DE34)=0,"",LEN(DE34)) | DF34: =IF(LEN(DG34)=0,"",LEN(DG34)) | DH34: =IF(LEN(DI34)=0,"",LEN(DI34)) | DJ34: =IF(LEN(DK34)=0,"",LEN(DK34)) | DL34: =IF(LEN(DM34)=0,"",LEN(DM34)) | DN34: =IF(LEN(DO34)=0,"",LEN(DO34)) | DP34: =IF(LEN(DQ34)=0,"",LEN(DQ34))
A35: Display URL | B35: =IF(LEN(C35)=0,"",LEN(C35)) -> 46 | C35: https://angelplumbers.co.za/Emergency_Plumbing | E35: https://angelplumbers.co.za/Residential-Plumbing | G35: https://angelplumbers.co.za/Commercial_Plumbing | I35: https://angelplumbers.co.za/Leak-Detection | K35: https://angelplumbers.co.za/Drain_Cleaning | M35: https://angelplumbers.co.za/Geyser_Replacement_&_Repairs | N35: =IF(LEN(O35)=0,"",LEN(O35)) | P35: =IF(LEN(Q35)=0,"",LEN(Q35)) | R35: =IF(LEN(S35)=0,"",LEN(S35)) | T35: =IF(LEN(U35)=0,"",LEN(U35)) | V35: =IF(LEN(W35)=0,"",LEN(W35)) | X35: =IF(LEN(Y35)=0,"",LEN(Y35)) | Z35: =IF(LEN(AA35)=0,"",LEN(AA35)) | AB35: =IF(LEN(AC35)=0,"",LEN(AC35)) | AD35: =IF(LEN(AE35)=0,"",LEN(AE35)) | AF35: =IF(LEN(AG35)=0,"",LEN(AG35)) | AH35: =IF(LEN(AI35)=0,"",LEN(AI35)) | AJ35: =IF(LEN(AK35)=0,"",LEN(AK35)) | AL35: =IF(LEN(AM35)=0,"",LEN(AM35)) | AN35: =IF(LEN(AO35)=0,"",LEN(AO35)) | AP35: =IF(LEN(AQ35)=0,"",LEN(AQ35)) | AR35: =IF(LEN(AS35)=0,"",LEN(AS35)) | AT35: =IF(LEN(AU35)=0,"",LEN(AU35)) | AV35: =IF(LEN(AW35)=0,"",LEN(AW35)) | AX35: =IF(LEN(AY35)=0,"",LEN(AY35)) | AZ35: =IF(LEN(BA35)=0,"",LEN(BA35)) | BB35: =IF(LEN(BC35)=0,"",LEN(BC35)) | BD35: =IF(LEN(BE35)=0,"",LEN(BE35)) | BF35: =IF(LEN(BG35)=0,"",LEN(BG35)) | BH35: =IF(LEN(BI35)=0,"",LEN(BI35)) | BJ35: =IF(LEN(BK35)=0,"",LEN(BK35)) | BL35: =IF(LEN(BM35)=0,"",LEN(BM35)) | BN35: =IF(LEN(BO35)=0,"",LEN(BO35)) | BP35: =IF(LEN(BQ35)=0,"",LEN(BQ35)) | BR35: =IF(LEN(BS35)=0,"",LEN(BS35)) | BT35: =IF(LEN(BU35)=0,"",LEN(BU35)) | BV35: =IF(LEN(BW35)=0,"",LEN(BW35)) | BX35: =IF(LEN(BY35)=0,"",LEN(BY35)) | BZ35: =IF(LEN(CA35)=0,"",LEN(CA35)) | CB35: =IF(LEN(CC35)=0,"",LEN(CC35)) | CD35: =IF(LEN(CE35)=0,"",LEN(CE35)) | CF35: =IF(LEN(CG35)=0,"",LEN(CG35)) | CH35: =IF(LEN(CI35)=0,"",LEN(CI35)) | CJ35: =IF(LEN(CK35)=0,"",LEN(CK35)) | CL35: =IF(LEN(CM35)=0,"",LEN(CM35)) | CN35: =IF(LEN(CO35)=0,"",LEN(CO35)) | CP35: =IF(LEN(CQ35)=0,"",LEN(CQ35)) | CR35: =IF(LEN(CS35)=0,"",LEN(CS35)) | CT35: =IF(LEN(CU35)=0,"",LEN(CU35)) | CV35: =IF(LEN(CW35)=0,"",LEN(CW35)) | CX35: =IF(LEN(CY35)=0,"",LEN(CY35)) | CZ35: =IF(LEN(DA35)=0,"",LEN(DA35)) | DB35: =IF(LEN(DC35)=0,"",LEN(DC35)) | DD35: =IF(LEN(DE35)=0,"",LEN(DE35)) | DF35: =IF(LEN(DG35)=0,"",LEN(DG35)) | DH35: =IF(LEN(DI35)=0,"",LEN(DI35)) | DJ35: =IF(LEN(DK35)=0,"",LEN(DK35)) | DL35: =IF(LEN(DM35)=0,"",LEN(DM35)) | DN35: =IF(LEN(DO35)=0,"",LEN(DO35)) | DP35: =IF(LEN(DQ35)=0,"",LEN(DQ35))
A36: Final URL | B36: =IF(LEN(C36)=0,"",LEN(C36)) -> 28 | C36: https://angelplumbers.co.za/ | E36: https://angelplumbers.co.za/ | G36: https://angelplumbers.co.za/ | I36: https://angelplumbers.co.za/ | K36: https://angelplumbers.co.za/ | M36: https://angelplumbers.co.za/ | N36: =IF(LEN(O36)=0,"",LEN(O36)) | P36: =IF(LEN(Q36)=0,"",LEN(Q36)) | R36: =IF(LEN(S36)=0,"",LEN(S36)) | T36: =IF(LEN(U36)=0,"",LEN(U36)) | V36: =IF(LEN(W36)=0,"",LEN(W36)) | X36: =IF(LEN(Y36)=0,"",LEN(Y36)) | Z36: =IF(LEN(AA36)=0,"",LEN(AA36)) | AB36: =IF(LEN(AC36)=0,"",LEN(AC36)) | AD36: =IF(LEN(AE36)=0,"",LEN(AE36)) | AF36: =IF(LEN(AG36)=0,"",LEN(AG36)) | AH36: =IF(LEN(AI36)=0,"",LEN(AI36)) | AJ36: =IF(LEN(AK36)=0,"",LEN(AK36)) | AL36: =IF(LEN(AM36)=0,"",LEN(AM36)) | AN36: =IF(LEN(AO36)=0,"",LEN(AO36)) | AP36: =IF(LEN(AQ36)=0,"",LEN(AQ36)) | AR36: =IF(LEN(AS36)=0,"",LEN(AS36)) | AT36: =IF(LEN(AU36)=0,"",LEN(AU36)) | AV36: =IF(LEN(AW36)=0,"",LEN(AW36)) | AX36: =IF(LEN(AY36)=0,"",LEN(AY36)) | AZ36: =IF(LEN(BA36)=0,"",LEN(BA36)) | BB36: =IF(LEN(BC36)=0,"",LEN(BC36)) | BD36: =IF(LEN(BE36)=0,"",LEN(BE36)) | BF36: =IF(LEN(BG36)=0,"",LEN(BG36)) | BH36: =IF(LEN(BI36)=0,"",LEN(BI36)) | BJ36: =IF(LEN(BK36)=0,"",LEN(BK36)) | BL36: =IF(LEN(BM36)=0,"",LEN(BM36)) | BN36: =IF(LEN(BO36)=0,"",LEN(BO36)) | BP36: =IF(LEN(BQ36)=0,"",LEN(BQ36)) | BR36: =IF(LEN(BS36)=0,"",LEN(BS36)) | BT36: =IF(LEN(BU36)=0,"",LEN(BU36)) | BV36: =IF(LEN(BW36)=0,"",LEN(BW36)) | BX36: =IF(LEN(BY36)=0,"",LEN(BY36)) | BZ36: =IF(LEN(CA36)=0,"",LEN(CA36)) | CB36: =IF(LEN(CC36)=0,"",LEN(CC36)) | CD36: =IF(LEN(CE36)=0,"",LEN(CE36)) | CF36: =IF(LEN(CG36)=0,"",LEN(CG36)) | CH36: =IF(LEN(CI36)=0,"",LEN(CI36)) | CJ36: =IF(LEN(CK36)=0,"",LEN(CK36)) | CL36: =IF(LEN(CM36)=0,"",LEN(CM36)) | CN36: =IF(LEN(CO36)=0,"",LEN(CO36)) | CP36: =IF(LEN(CQ36)=0,"",LEN(CQ36)) | CR36: =IF(LEN(CS36)=0,"",LEN(CS36)) | CT36: =IF(LEN(CU36)=0,"",LEN(CU36)) | CV36: =IF(LEN(CW36)=0,"",LEN(CW36)) | CX36: =IF(LEN(CY36)=0,"",LEN(CY36)) | CZ36: =IF(LEN(DA36)=0,"",LEN(DA36)) | DB36: =IF(LEN(DC36)=0,"",LEN(DC36)) | DD36: =IF(LEN(DE36)=0,"",LEN(DE36)) | DF36: =IF(LEN(DG36)=0,"",LEN(DG36)) | DH36: =IF(LEN(DI36)=0,"",LEN(DI36)) | DJ36: =IF(LEN(DK36)=0,"",LEN(DK36)) | DL36: =IF(LEN(DM36)=0,"",LEN(DM36)) | DN36: =IF(LEN(DO36)=0,"",LEN(DO36)) | DP36: =IF(LEN(DQ36)=0,"",LEN(DQ36))
C55: Emergency Plumber Near Me | E55: Local Residential Plumbers | G55: Commercial Plumbers | I55: Water Leak Detection | K55: Blocked Drain Plumber | M55: Geyser Repairs Johannesburg
C56: 24/7 Emergency Plumbing | E56: Home Plumbing Services | G56: Plumbing For Businesses | I56: Find Hidden Water Leaks | K56: Professional Drain Cleaning | M56: Burst Geyser Replacement
C57: Burst Pipe Repair Now | E57: Expert Toilet & Tap Repair | G57: Office Plumbing Repairs | I57: High Water Bill Solutions | K57: Unblock Sewer Lines Fast | M57: No Hot Water Solutions
C58: Fast Local Plumbers | E58: Affordable Household Plumber | G58: Commercial Contractors | I58: Advanced Leak Detection | K58: Clogged Drain Repairs | M58: Geyser Element Replacement
C59: Available 24 Hours A Day | E59: Trusted Home Repairs | G59: Property Maintenance Care | I59: Stop Water Leaks Fast | K59: Clear Blocked Drains Now | M59: Solar Geyser Installation
C60: Rapid On-Site Response | E60: Fix Leaky Taps & Toilets | G60: Industrial Plumbing Experts | I60: Accurate Leak Locating | K60: High-Pressure Drain Jetting | M60: Expert Geyser Technicians
C61: Fix Your Plumbing Emergency | E61: Professional Home Service | G61: Minimize Business Downtime | I61: Damp Wall Leak Detection | K61: Sink & Toilet Unblocking | M61: Fix Your Hot Water Today
C62: No Extra After-Hours Fees | E62: Reliable Plumbers Near You | G62: Reliable Commercial Service | I62: Non-Invasive Leak Testing | K62: Fast Emergency Drain Care | M62: Approved Geyser Installers
C63: Trusted Local Experts | E63: Quality Residential Care | G63: Licensed Business Plumbers | I63: Pinpoint Pipe Leaks | K63: Root Removal From Drains | M63: Geyser Valve Repairs
C64: Call Our Emergency Team | E64: Book A Home Plumber Today | G64: Corporate Plumbing Audits | I64: Expert Leak Locators | K64: Clear Your Clogged Pipes | M64: Emergency Geyser Service
C65: Burst Pipe Or Severe Leak? Our Emergency Plumbers Are On Standby 24/7 To Help You Now. | E65: From Leaky Taps To Full Household Plumbing Installations, We Keep Your Home Running Smoothly. | G65: Expert Commercial Plumbing Solutions Designed To Keep Your Business Operating Efficiently. | I65: High Water Bill? We Find Hidden Underground And In-Wall Leaks Without Breaking Your Walls. | K65: Overflowing Drains Or Blocked Toilets? We Clear Stubborn Blockages Rapidly And Cleanly. | M65: No Hot Water Or A Leaking Geyser? Our Certified Technicians Repair All Major Brands Today.
C66: Fast, Reliable Emergency Plumbing Repairs. On-Site Rapidly To Prevent Water Damage. | E66: Professional, Clean, And Respectful Residential Plumbing Services Tailored For Your Home. | G66: We Support Property Managers, Retail Spaces, And Office Blocks With Fast, Reliable Plumbing. | I66: Advanced Acoustic And Thermal Leak Detection Technology To Pinpoint Water Loss Precisely. | K66: Advanced Drain Cleaning, Camera Inspections, And High-Pressure Jetting Services. | M66: Fast, Insurance-Approved Burst Geyser Replacements To Minimize Internal Water Damage.
... C95: We Arrive Quickly To Secure Your Property And Prevent Massive Expensive Water Damage. | E95: Licensed Insured Professionals Dedicated To Helping Suburban Households Maintain Systems. | G95: Highly Competent Technical Staff Ready To Fix Commercial Failures Without Disturbance. | I95: Stop Paying Inflated Municipal Bills Caused By Invisible Active Infrastructure Failure. | K95: Fast Friendly Clean Up Operations Accompany Every Single Drain Blast Service We Offer. | M95: Get Immediate Financial Piece Of Mind With Complete Insurance Document Assistance.

Sheet Sitelinks
A2: Order | B2: Link Text | C2: Dest. URL
A3: 1 | B3: Home Page | C3: https://angelplumbers.co.za/
A4: =A3+1 -> 2 | B4: N/a | C4: N/a
A5: =A4+1 -> 3 | B5: N/a | C5: N/a
A6: =A5+1 -> 4 | B6: N/a | C6: N/a
A7: =A6+1 -> 5 | B7: N/a | C7: N/a
A8: =A7+1 -> 6 | B8: N/a | C8: N/a
A9: =A8+1 -> 7 | B9: N/a | C9: N/a
A10: =A9+1 -> 8 | B10: N/a | C10: N/a
A11: =A10+1 -> 9 | B11: N/a | C11: N/a
A12: =A11+1 -> 10 | B12: N/a | C12: N/a
